Benchmark,InputData,Data,DataID,Kernel,Memory Frequency,SOL FB,Elapsed Cycles,SM Frequency,Memory [%],Duration,SOL L2,SM Active Cycles,SM [%],SOL TEX,Executed Ipc Active,Executed Ipc Elapsed,Issued Ipc Active,Issue Slots Busy,SM Busy,Memory Throughput,Mem Busy,Max Bandwidth,L2 Hit Rate,Mem Pipes Busy,L1 Hit Rate,Active Warps Per Scheduler,Eligible Warps Per Scheduler,No Eligible,Instructions Per Active Issue Slot,Issued Warp Per Scheduler,One or More Eligible,Avg. Not Predicated Off Threads Per Warp,Avg. Active Threads Per Warp,Warp Cycles Per Executed Instruction,Warp Cycles Per Issued Instruction,Warp Cycles Per Issue Active,Avg. Executed Instructions Per Scheduler,Executed Instructions,Avg. Issued Instructions Per Scheduler,Issued Instructions,Block Size,Grid Size,Registers Per Thread,Shared Memory Configuration Size,Dynamic Shared Memory Per Block,Static Shared Memory Per Block,Threads,Waves Per SM,Block Limit SM,Block Limit Registers,Block Limit Shared Mem,Block Limit Warps,Achieved Active Warps Per SM,Achieved Occupancy,Theoretical Active Warps per SM,Theoretical Occupancy,variant,BeginAddr,EndAddr,DataSize,CPUPageFault,GPUPagePault,HtoD,DtoH,RemoteMap,label
bfs,graph1MW.6,h_graph_nodes,0,Kernel2,826568265.68,25.55,10651,1226552890.53,25.55,8672,5.21,7060.77,12.31,17.0,0.72,0.48,0.74,18.54,18.54,216236162361.62,11.28,25.55,50.3,11.03,0.08,11.55,0.32,81.26,1,0.19,18.74,27.06,31.97,63.46,61.61,61.61,1270.87,406678,1309.01,418884,512,1954,16,0,0,0,1000448,6.11,32,8,32,4,48.24,75.37,64,100,111,0x200060000000,0x2000607a1200,8000000,24,5,7872.0,0.0,0.0,0
bfs,graph1MW.6,h_graph_mask,1,Kernel2,826568265.68,25.55,10651,1226552890.53,25.55,8672,5.21,7060.77,12.31,17.0,0.72,0.48,0.74,18.54,18.54,216236162361.62,11.28,25.55,50.3,11.03,0.08,11.55,0.32,81.26,1,0.19,18.74,27.06,31.97,63.46,61.61,61.61,1270.87,406678,1309.01,418884,512,1954,16,0,0,0,1000448,6.11,32,8,32,4,48.24,75.37,64,100,111,0x200060800000,0x2000608f4240,1000000,6,532,1024.0,0.0,0.0,0
bfs,graph1MW.6,h_updating_graph_mask,2,Kernel2,826568265.68,25.55,10651,1226552890.53,25.55,8672,5.21,7060.77,12.31,17.0,0.72,0.48,0.74,18.54,18.54,216236162361.62,11.28,25.55,50.3,11.03,0.08,11.55,0.32,81.26,1,0.19,18.74,27.06,31.97,63.46,61.61,61.61,1270.87,406678,1309.01,418884,512,1954,16,0,0,0,1000448,6.11,32,8,32,4,48.24,75.37,64,100,111,0x2000608f4400,0x2000609e8640,1000000,4,1,1024.0,0.0,0.0,0
bfs,graph1MW.6,h_graph_visited,3,Kernel2,826568265.68,25.55,10651,1226552890.53,25.55,8672,5.21,7060.77,12.31,17.0,0.72,0.48,0.74,18.54,18.54,216236162361.62,11.28,25.55,50.3,11.03,0.08,11.55,0.32,81.26,1,0.19,18.74,27.06,31.97,63.46,61.61,61.61,1270.87,406678,1309.01,418884,512,1954,16,0,0,0,1000448,6.11,32,8,32,4,48.24,75.37,64,100,111,0x200060a00000,0x200060af4240,1000000,5,4,1024.0,0.0,0.0,4
bfs,graph1MW.6,h_graph_nodes,0,Kernel,852185089.97,17.17,15838,1270913667.52,17.17,12448,3.58,7699.84,7.73,15.75,0.62,0.3,0.64,15.89,15.89,149861182519.28,7.67,17.17,50.36,7.5,1.92,11.63,0.25,82.54,1,0.17,17.46,26.41,31.68,68.81,66.6,66.6,1184.25,378961,1223.61,391556,512,1954,21,0,0,0,1000448,6.11,32,5,32,4,42.88,66.99,64,100,111,0x200060000000,0x2000607a1200,8000000,24,5,7872.0,0.0,0.0,0
bfs,graph1MW.6,h_graph_mask,1,Kernel,852185089.97,17.17,15838,1270913667.52,17.17,12448,3.58,7699.84,7.73,15.75,0.62,0.3,0.64,15.89,15.89,149861182519.28,7.67,17.17,50.36,7.5,1.92,11.63,0.25,82.54,1,0.17,17.46,26.41,31.68,68.81,66.6,66.6,1184.25,378961,1223.61,391556,512,1954,21,0,0,0,1000448,6.11,32,5,32,4,42.88,66.99,64,100,111,0x200060800000,0x2000608f4240,1000000,6,532,1024.0,0.0,0.0,0
bfs,graph1MW.6,h_updating_graph_mask,2,Kernel,852185089.97,17.17,15838,1270913667.52,17.17,12448,3.58,7699.84,7.73,15.75,0.62,0.3,0.64,15.89,15.89,149861182519.28,7.67,17.17,50.36,7.5,1.92,11.63,0.25,82.54,1,0.17,17.46,26.41,31.68,68.81,66.6,66.6,1184.25,378961,1223.61,391556,512,1954,21,0,0,0,1000448,6.11,32,5,32,4,42.88,66.99,64,100,111,0x2000608f4400,0x2000609e8640,1000000,4,1,1024.0,0.0,0.0,0
bfs,graph1MW.6,h_graph_visited,3,Kernel,852185089.97,17.17,15838,1270913667.52,17.17,12448,3.58,7699.84,7.73,15.75,0.62,0.3,0.64,15.89,15.89,149861182519.28,7.67,17.17,50.36,7.5,1.92,11.63,0.25,82.54,1,0.17,17.46,26.41,31.68,68.81,66.6,66.6,1184.25,378961,1223.61,391556,512,1954,21,0,0,0,1000448,6.11,32,5,32,4,42.88,66.99,64,100,111,0x200060a00000,0x200060af4240,1000000,5,4,1024.0,0.0,0.0,0
bfs,graph1MW.6,h_graph_nodes,0,Kernel2,806273062.73,26.25,10430,1200818726.94,26.25,8672,5.45,7077.57,12.61,17.02,0.72,0.49,0.74,18.56,18.56,216693726937.27,11.57,26.25,50.87,11.31,0.53,11.99,0.32,81.32,1,0.19,18.68,26.97,31.87,66.1,64.18,64.18,1275.18,408058,1313.33,420264,512,1954,16,0,0,0,1000448,6.11,32,8,32,4,48.67,76.05,64,100,111,0x200060000000,0x2000607a1200,8000000,24,5,7872.0,0.0,0.0,0
bfs,graph1MW.6,h_graph_mask,1,Kernel2,806273062.73,26.25,10430,1200818726.94,26.25,8672,5.45,7077.57,12.61,17.02,0.72,0.49,0.74,18.56,18.56,216693726937.27,11.57,26.25,50.87,11.31,0.53,11.99,0.32,81.32,1,0.19,18.68,26.97,31.87,66.1,64.18,64.18,1275.18,408058,1313.33,420264,512,1954,16,0,0,0,1000448,6.11,32,8,32,4,48.67,76.05,64,100,111,0x200060800000,0x2000608f4240,1000000,6,532,1024.0,0.0,0.0,0
bfs,graph1MW.6,h_updating_graph_mask,2,Kernel2,806273062.73,26.25,10430,1200818726.94,26.25,8672,5.45,7077.57,12.61,17.02,0.72,0.49,0.74,18.56,18.56,216693726937.27,11.57,26.25,50.87,11.31,0.53,11.99,0.32,81.32,1,0.19,18.68,26.97,31.87,66.1,64.18,64.18,1275.18,408058,1313.33,420264,512,1954,16,0,0,0,1000448,6.11,32,8,32,4,48.67,76.05,64,100,111,0x2000608f4400,0x2000609e8640,1000000,4,1,1024.0,0.0,0.0,0
bfs,graph1MW.6,h_graph_visited,3,Kernel2,806273062.73,26.25,10430,1200818726.94,26.25,8672,5.45,7077.57,12.61,17.02,0.72,0.49,0.74,18.56,18.56,216693726937.27,11.57,26.25,50.87,11.31,0.53,11.99,0.32,81.32,1,0.19,18.68,26.97,31.87,66.1,64.18,64.18,1275.18,408058,1313.33,420264,512,1954,16,0,0,0,1000448,6.11,32,8,32,4,48.67,76.05,64,100,111,0x200060a00000,0x200060af4240,1000000,5,4,1024.0,0.0,0.0,4
bfs,graph1MW.6,h_graph_nodes,0,Kernel,837719298.25,15.67,18268,1250057108.92,15.67,14592,3.47,10426.65,7.01,12.25,0.48,0.27,0.49,12.26,12.26,134460526315.79,7.0,15.67,51.27,6.85,9.52,9.99,0.22,84.57,1,0.15,15.43,25.29,30.34,66.8,64.75,64.75,1238.73,396395,1278.07,408982,512,1954,21,0,0,0,1000448,6.11,32,5,32,4,32.82,51.27,64,100,111,0x200060000000,0x2000607a1200,8000000,24,5,7872.0,0.0,0.0,0
bfs,graph1MW.6,h_graph_mask,1,Kernel,837719298.25,15.67,18268,1250057108.92,15.67,14592,3.47,10426.65,7.01,12.25,0.48,0.27,0.49,12.26,12.26,134460526315.79,7.0,15.67,51.27,6.85,9.52,9.99,0.22,84.57,1,0.15,15.43,25.29,30.34,66.8,64.75,64.75,1238.73,396395,1278.07,408982,512,1954,21,0,0,0,1000448,6.11,32,5,32,4,32.82,51.27,64,100,111,0x200060800000,0x2000608f4240,1000000,6,532,1024.0,0.0,0.0,0
bfs,graph1MW.6,h_updating_graph_mask,2,Kernel,837719298.25,15.67,18268,1250057108.92,15.67,14592,3.47,10426.65,7.01,12.25,0.48,0.27,0.49,12.26,12.26,134460526315.79,7.0,15.67,51.27,6.85,9.52,9.99,0.22,84.57,1,0.15,15.43,25.29,30.34,66.8,64.75,64.75,1238.73,396395,1278.07,408982,512,1954,21,0,0,0,1000448,6.11,32,5,32,4,32.82,51.27,64,100,111,0x2000608f4400,0x2000609e8640,1000000,4,1,1024.0,0.0,0.0,0
bfs,graph1MW.6,h_graph_visited,3,Kernel,837719298.25,15.67,18268,1250057108.92,15.67,14592,3.47,10426.65,7.01,12.25,0.48,0.27,0.49,12.26,12.26,134460526315.79,7.0,15.67,51.27,6.85,9.52,9.99,0.22,84.57,1,0.15,15.43,25.29,30.34,66.8,64.75,64.75,1238.73,396395,1278.07,408982,512,1954,21,0,0,0,1000448,6.11,32,5,32,4,32.82,51.27,64,100,111,0x200060a00000,0x200060af4240,1000000,5,4,1024.0,0.0,0.0,0
bfs,graph1MW.6,h_graph_nodes,0,Kernel2,802867383.51,25.86,10666,1192652329.75,25.86,8928,6.05,7007.27,12.59,17.64,0.74,0.49,0.77,19.13,19.13,212637992831.54,11.61,25.86,54.18,11.33,3.93,11.72,0.33,80.99,1,0.19,19.01,26.43,31.24,63.49,61.68,61.68,1302.13,416683,1340.33,428904,512,1954,16,0,0,0,1000448,6.11,32,8,32,4,47.59,74.36,64,100,111,0x200060000000,0x2000607a1200,8000000,24,5,7872.0,0.0,0.0,0
bfs,graph1MW.6,h_graph_mask,1,Kernel2,802867383.51,25.86,10666,1192652329.75,25.86,8928,6.05,7007.27,12.59,17.64,0.74,0.49,0.77,19.13,19.13,212637992831.54,11.61,25.86,54.18,11.33,3.93,11.72,0.33,80.99,1,0.19,19.01,26.43,31.24,63.49,61.68,61.68,1302.13,416683,1340.33,428904,512,1954,16,0,0,0,1000448,6.11,32,8,32,4,47.59,74.36,64,100,111,0x200060800000,0x2000608f4240,1000000,6,532,1024.0,0.0,0.0,0
bfs,graph1MW.6,h_updating_graph_mask,2,Kernel2,802867383.51,25.86,10666,1192652329.75,25.86,8928,6.05,7007.27,12.59,17.64,0.74,0.49,0.77,19.13,19.13,212637992831.54,11.61,25.86,54.18,11.33,3.93,11.72,0.33,80.99,1,0.19,19.01,26.43,31.24,63.49,61.68,61.68,1302.13,416683,1340.33,428904,512,1954,16,0,0,0,1000448,6.11,32,8,32,4,47.59,74.36,64,100,111,0x2000608f4400,0x2000609e8640,1000000,4,1,1024.0,0.0,0.0,0
bfs,graph1MW.6,h_graph_visited,3,Kernel2,802867383.51,25.86,10666,1192652329.75,25.86,8928,6.05,7007.27,12.59,17.64,0.74,0.49,0.77,19.13,19.13,212637992831.54,11.61,25.86,54.18,11.33,3.93,11.72,0.33,80.99,1,0.19,19.01,26.43,31.24,63.49,61.68,61.68,1302.13,416683,1340.33,428904,512,1954,16,0,0,0,1000448,6.11,32,8,32,4,47.59,74.36,64,100,111,0x200060a00000,0x200060af4240,1000000,5,4,1024.0,0.0,0.0,4
bfs,graph1MW.6,h_graph_nodes,0,Kernel,795192307.69,18.29,19741,1184785657.05,18.29,16640,5.07,14275.11,8.22,11.59,0.44,0.32,0.45,11.22,11.22,148930769230.77,8.39,18.29,54.4,8.22,31.08,7.91,0.18,86.99,1,0.13,13.01,20.26,24.29,62.33,60.79,60.79,1562.42,499974,1601.77,512567,512,1954,21,0,0,0,1000448,6.11,32,5,32,4,27.2,42.49,64,100,111,0x200060000000,0x2000607a1200,8000000,24,5,7872.0,0.0,0.0,0
bfs,graph1MW.6,h_graph_mask,1,Kernel,795192307.69,18.29,19741,1184785657.05,18.29,16640,5.07,14275.11,8.22,11.59,0.44,0.32,0.45,11.22,11.22,148930769230.77,8.39,18.29,54.4,8.22,31.08,7.91,0.18,86.99,1,0.13,13.01,20.26,24.29,62.33,60.79,60.79,1562.42,499974,1601.77,512567,512,1954,21,0,0,0,1000448,6.11,32,5,32,4,27.2,42.49,64,100,111,0x200060800000,0x2000608f4240,1000000,6,532,1024.0,0.0,0.0,0
bfs,graph1MW.6,h_updating_graph_mask,2,Kernel,795192307.69,18.29,19741,1184785657.05,18.29,16640,5.07,14275.11,8.22,11.59,0.44,0.32,0.45,11.22,11.22,148930769230.77,8.39,18.29,54.4,8.22,31.08,7.91,0.18,86.99,1,0.13,13.01,20.26,24.29,62.33,60.79,60.79,1562.42,499974,1601.77,512567,512,1954,21,0,0,0,1000448,6.11,32,5,32,4,27.2,42.49,64,100,111,0x2000608f4400,0x2000609e8640,1000000,4,1,1024.0,0.0,0.0,0
bfs,graph1MW.6,h_graph_visited,3,Kernel,795192307.69,18.29,19741,1184785657.05,18.29,16640,5.07,14275.11,8.22,11.59,0.44,0.32,0.45,11.22,11.22,148930769230.77,8.39,18.29,54.4,8.22,31.08,7.91,0.18,86.99,1,0.13,13.01,20.26,24.29,62.33,60.79,60.79,1562.42,499974,1601.77,512567,512,1954,21,0,0,0,1000448,6.11,32,5,32,4,27.2,42.49,64,100,111,0x200060a00000,0x200060af4240,1000000,5,4,1024.0,0.0,0.0,0
bfs,graph1MW.6,h_graph_nodes,0,Kernel2,797994269.34,25.16,13341,1192409861.51,25.16,11168,7.77,8335.45,11.13,16.7,0.69,0.43,0.71,17.79,17.79,205587392550.14,10.46,25.16,64.93,10.2,18.64,12.22,0.31,81.73,1,0.18,18.27,23.94,28.28,68.62,66.85,66.85,1444.31,462178,1482.53,474410,512,1954,16,0,0,0,1000448,6.11,32,8,32,4,47.93,74.9,64,100,111,0x200060000000,0x2000607a1200,8000000,24,5,7872.0,0.0,0.0,0
bfs,graph1MW.6,h_graph_mask,1,Kernel2,797994269.34,25.16,13341,1192409861.51,25.16,11168,7.77,8335.45,11.13,16.7,0.69,0.43,0.71,17.79,17.79,205587392550.14,10.46,25.16,64.93,10.2,18.64,12.22,0.31,81.73,1,0.18,18.27,23.94,28.28,68.62,66.85,66.85,1444.31,462178,1482.53,474410,512,1954,16,0,0,0,1000448,6.11,32,8,32,4,47.93,74.9,64,100,111,0x200060800000,0x2000608f4240,1000000,6,532,1024.0,0.0,0.0,0
bfs,graph1MW.6,h_updating_graph_mask,2,Kernel2,797994269.34,25.16,13341,1192409861.51,25.16,11168,7.77,8335.45,11.13,16.7,0.69,0.43,0.71,17.79,17.79,205587392550.14,10.46,25.16,64.93,10.2,18.64,12.22,0.31,81.73,1,0.18,18.27,23.94,28.28,68.62,66.85,66.85,1444.31,462178,1482.53,474410,512,1954,16,0,0,0,1000448,6.11,32,8,32,4,47.93,74.9,64,100,111,0x2000608f4400,0x2000609e8640,1000000,4,1,1024.0,0.0,0.0,0
bfs,graph1MW.6,h_graph_visited,3,Kernel2,797994269.34,25.16,13341,1192409861.51,25.16,11168,7.77,8335.45,11.13,16.7,0.69,0.43,0.71,17.79,17.79,205587392550.14,10.46,25.16,64.93,10.2,18.64,12.22,0.31,81.73,1,0.18,18.27,23.94,28.28,68.62,66.85,66.85,1444.31,462178,1482.53,474410,512,1954,16,0,0,0,1000448,6.11,32,8,32,4,47.93,74.9,64,100,111,0x200060a00000,0x200060af4240,1000000,5,4,1024.0,0.0,0.0,4
bfs,graph1MW.6,h_graph_nodes,0,Kernel,878205128.21,28.3,36077,1312433226.5,28.3,27456,8.35,29214.96,9.98,12.62,0.45,0.36,0.46,11.38,11.38,254501165501.17,10.23,28.3,56.52,9.98,51.1,6.96,0.16,87.82,1,0.12,12.18,10.21,12.17,57.86,57.16,57.16,3284.85,1051151,3325.03,1064008,512,1954,21,0,0,0,1000448,6.11,32,5,32,4,25.76,40.25,64,100,111,0x200060000000,0x2000607a1200,8000000,24,5,7872.0,0.0,0.0,0
bfs,graph1MW.6,h_graph_mask,1,Kernel,878205128.21,28.3,36077,1312433226.5,28.3,27456,8.35,29214.96,9.98,12.62,0.45,0.36,0.46,11.38,11.38,254501165501.17,10.23,28.3,56.52,9.98,51.1,6.96,0.16,87.82,1,0.12,12.18,10.21,12.17,57.86,57.16,57.16,3284.85,1051151,3325.03,1064008,512,1954,21,0,0,0,1000448,6.11,32,5,32,4,25.76,40.25,64,100,111,0x200060800000,0x2000608f4240,1000000,6,532,1024.0,0.0,0.0,0
bfs,graph1MW.6,h_updating_graph_mask,2,Kernel,878205128.21,28.3,36077,1312433226.5,28.3,27456,8.35,29214.96,9.98,12.62,0.45,0.36,0.46,11.38,11.38,254501165501.17,10.23,28.3,56.52,9.98,51.1,6.96,0.16,87.82,1,0.12,12.18,10.21,12.17,57.86,57.16,57.16,3284.85,1051151,3325.03,1064008,512,1954,21,0,0,0,1000448,6.11,32,5,32,4,25.76,40.25,64,100,111,0x2000608f4400,0x2000609e8640,1000000,4,1,1024.0,0.0,0.0,0
bfs,graph1MW.6,h_graph_visited,3,Kernel,878205128.21,28.3,36077,1312433226.5,28.3,27456,8.35,29214.96,9.98,12.62,0.45,0.36,0.46,11.38,11.38,254501165501.17,10.23,28.3,56.52,9.98,51.1,6.96,0.16,87.82,1,0.12,12.18,10.21,12.17,57.86,57.16,57.16,3284.85,1051151,3325.03,1064008,512,1954,21,0,0,0,1000448,6.11,32,5,32,4,25.76,40.25,64,100,111,0x200060a00000,0x200060af4240,1000000,5,4,1024.0,0.0,0.0,0
bfs,graph1MW.6,h_graph_nodes,0,Kernel2,850976361.77,14.8,39627,1271893199.73,14.8,31136,6.68,32397.94,5.2,6.19,0.25,0.2,0.25,6.35,6.35,128930113052.42,5.06,14.8,70.63,4.98,51.64,11.67,0.12,93.56,1,0.06,6.44,17.58,20.71,184.73,181.29,181.29,2019.23,646153,2057.56,658418,512,1954,16,0,0,0,1000448,6.11,32,8,32,4,46.4,72.5,64,100,111,0x200060000000,0x2000607a1200,8000000,24,5,7872.0,0.0,0.0,0
bfs,graph1MW.6,h_graph_mask,1,Kernel2,850976361.77,14.8,39627,1271893199.73,14.8,31136,6.68,32397.94,5.2,6.19,0.25,0.2,0.25,6.35,6.35,128930113052.42,5.06,14.8,70.63,4.98,51.64,11.67,0.12,93.56,1,0.06,6.44,17.58,20.71,184.73,181.29,181.29,2019.23,646153,2057.56,658418,512,1954,16,0,0,0,1000448,6.11,32,8,32,4,46.4,72.5,64,100,111,0x200060800000,0x2000608f4240,1000000,6,532,1024.0,0.0,0.0,0
bfs,graph1MW.6,h_updating_graph_mask,2,Kernel2,850976361.77,14.8,39627,1271893199.73,14.8,31136,6.68,32397.94,5.2,6.19,0.25,0.2,0.25,6.35,6.35,128930113052.42,5.06,14.8,70.63,4.98,51.64,11.67,0.12,93.56,1,0.06,6.44,17.58,20.71,184.73,181.29,181.29,2019.23,646153,2057.56,658418,512,1954,16,0,0,0,1000448,6.11,32,8,32,4,46.4,72.5,64,100,111,0x2000608f4400,0x2000609e8640,1000000,4,1,1024.0,0.0,0.0,0
bfs,graph1MW.6,h_graph_visited,3,Kernel2,850976361.77,14.8,39627,1271893199.73,14.8,31136,6.68,32397.94,5.2,6.19,0.25,0.2,0.25,6.35,6.35,128930113052.42,5.06,14.8,70.63,4.98,51.64,11.67,0.12,93.56,1,0.06,6.44,17.58,20.71,184.73,181.29,181.29,2019.23,646153,2057.56,658418,512,1954,16,0,0,0,1000448,6.11,32,8,32,4,46.4,72.5,64,100,111,0x200060a00000,0x200060af4240,1000000,5,4,1024.0,0.0,0.0,4
bfs,graph1MW.6,h_graph_nodes,0,Kernel,876365727.43,36.85,72881,1308531603.41,36.85,55648,18.22,65536.25,16.53,19.42,0.65,0.58,0.65,16.3,16.3,330714778608.4,17.48,36.85,66.59,16.53,57.62,9.05,0.27,83.53,1,0.16,16.47,4.12,4.82,55.18,54.97,54.97,10642.59,3405630,10681.96,3418227,512,1954,21,0,0,0,1000448,6.11,32,5,32,4,35.6,55.63,64,100,111,0x200060000000,0x2000607a1200,8000000,24,5,7872.0,0.0,0.0,0
bfs,graph1MW.6,h_graph_mask,1,Kernel,876365727.43,36.85,72881,1308531603.41,36.85,55648,18.22,65536.25,16.53,19.42,0.65,0.58,0.65,16.3,16.3,330714778608.4,17.48,36.85,66.59,16.53,57.62,9.05,0.27,83.53,1,0.16,16.47,4.12,4.82,55.18,54.97,54.97,10642.59,3405630,10681.96,3418227,512,1954,21,0,0,0,1000448,6.11,32,5,32,4,35.6,55.63,64,100,111,0x200060800000,0x2000608f4240,1000000,6,532,1024.0,0.0,0.0,0
bfs,graph1MW.6,h_updating_graph_mask,2,Kernel,876365727.43,36.85,72881,1308531603.41,36.85,55648,18.22,65536.25,16.53,19.42,0.65,0.58,0.65,16.3,16.3,330714778608.4,17.48,36.85,66.59,16.53,57.62,9.05,0.27,83.53,1,0.16,16.47,4.12,4.82,55.18,54.97,54.97,10642.59,3405630,10681.96,3418227,512,1954,21,0,0,0,1000448,6.11,32,5,32,4,35.6,55.63,64,100,111,0x2000608f4400,0x2000609e8640,1000000,4,1,1024.0,0.0,0.0,0
bfs,graph1MW.6,h_graph_visited,3,Kernel,876365727.43,36.85,72881,1308531603.41,36.85,55648,18.22,65536.25,16.53,19.42,0.65,0.58,0.65,16.3,16.3,330714778608.4,17.48,36.85,66.59,16.53,57.62,9.05,0.27,83.53,1,0.16,16.47,4.12,4.82,55.18,54.97,54.97,10642.59,3405630,10681.96,3418227,512,1954,21,0,0,0,1000448,6.11,32,5,32,4,35.6,55.63,64,100,111,0x200060a00000,0x200060af4240,1000000,5,4,1024.0,0.0,0.0,0
bfs,graph1MW.6,h_graph_nodes,0,Kernel2,862852213.92,10.84,71812,1290046362.85,10.84,55648,6.37,64488.31,3.83,5.37,0.17,0.15,0.17,4.26,4.26,95802760207.02,4.36,10.84,72.38,3.77,69.5,11.53,0.11,95.67,1,0.04,4.33,14.82,17.28,270.31,266.55,266.55,2707.78,866488,2746.05,878735,512,1954,16,0,0,0,1000448,6.11,32,8,32,4,45.49,71.07,64,100,111,0x200060000000,0x2000607a1200,8000000,24,5,7872.0,0.0,0.0,0
bfs,graph1MW.6,h_graph_mask,1,Kernel2,862852213.92,10.84,71812,1290046362.85,10.84,55648,6.37,64488.31,3.83,5.37,0.17,0.15,0.17,4.26,4.26,95802760207.02,4.36,10.84,72.38,3.77,69.5,11.53,0.11,95.67,1,0.04,4.33,14.82,17.28,270.31,266.55,266.55,2707.78,866488,2746.05,878735,512,1954,16,0,0,0,1000448,6.11,32,8,32,4,45.49,71.07,64,100,111,0x200060800000,0x2000608f4240,1000000,6,532,1024.0,0.0,0.0,0
bfs,graph1MW.6,h_updating_graph_mask,2,Kernel2,862852213.92,10.84,71812,1290046362.85,10.84,55648,6.37,64488.31,3.83,5.37,0.17,0.15,0.17,4.26,4.26,95802760207.02,4.36,10.84,72.38,3.77,69.5,11.53,0.11,95.67,1,0.04,4.33,14.82,17.28,270.31,266.55,266.55,2707.78,866488,2746.05,878735,512,1954,16,0,0,0,1000448,6.11,32,8,32,4,45.49,71.07,64,100,111,0x2000608f4400,0x2000609e8640,1000000,4,1,1024.0,0.0,0.0,0
bfs,graph1MW.6,h_graph_visited,3,Kernel2,862852213.92,10.84,71812,1290046362.85,10.84,55648,6.37,64488.31,3.83,5.37,0.17,0.15,0.17,4.26,4.26,95802760207.02,4.36,10.84,72.38,3.77,69.5,11.53,0.11,95.67,1,0.04,4.33,14.82,17.28,270.31,266.55,266.55,2707.78,866488,2746.05,878735,512,1954,16,0,0,0,1000448,6.11,32,8,32,4,45.49,71.07,64,100,111,0x200060a00000,0x200060af4240,1000000,5,4,1024.0,0.0,0.0,4
bfs,graph1MW.6,h_graph_nodes,0,Kernel,868783473.6,50.9,162890,1297640110.94,50.9,125472,32.18,155972.36,15.75,25.7,0.58,0.56,0.58,14.53,14.53,452836776332.57,26.98,50.9,71.25,15.75,54.12,12.42,0.26,85.39,1,0.15,14.61,4.12,4.78,85.17,85.0,85.0,22622.66,7239252,22669.07,7254101,512,1954,21,0,0,0,1000448,6.11,32,5,32,4,49.02,76.59,64,100,111,0x200060000000,0x2000607a1200,8000000,24,5,7872.0,0.0,0.0,0
bfs,graph1MW.6,h_graph_mask,1,Kernel,868783473.6,50.9,162890,1297640110.94,50.9,125472,32.18,155972.36,15.75,25.7,0.58,0.56,0.58,14.53,14.53,452836776332.57,26.98,50.9,71.25,15.75,54.12,12.42,0.26,85.39,1,0.15,14.61,4.12,4.78,85.17,85.0,85.0,22622.66,7239252,22669.07,7254101,512,1954,21,0,0,0,1000448,6.11,32,5,32,4,49.02,76.59,64,100,111,0x200060800000,0x2000608f4240,1000000,6,532,1024.0,0.0,0.0,0
bfs,graph1MW.6,h_updating_graph_mask,2,Kernel,868783473.6,50.9,162890,1297640110.94,50.9,125472,32.18,155972.36,15.75,25.7,0.58,0.56,0.58,14.53,14.53,452836776332.57,26.98,50.9,71.25,15.75,54.12,12.42,0.26,85.39,1,0.15,14.61,4.12,4.78,85.17,85.0,85.0,22622.66,7239252,22669.07,7254101,512,1954,21,0,0,0,1000448,6.11,32,5,32,4,49.02,76.59,64,100,111,0x2000608f4400,0x2000609e8640,1000000,4,1,1024.0,0.0,0.0,0
bfs,graph1MW.6,h_graph_visited,3,Kernel,868783473.6,50.9,162890,1297640110.94,50.9,125472,32.18,155972.36,15.75,25.7,0.58,0.56,0.58,14.53,14.53,452836776332.57,26.98,50.9,71.25,15.75,54.12,12.42,0.26,85.39,1,0.15,14.61,4.12,4.78,85.17,85.0,85.0,22622.66,7239252,22669.07,7254101,512,1954,21,0,0,0,1000448,6.11,32,5,32,4,49.02,76.59,64,100,111,0x200060a00000,0x200060af4240,1000000,5,4,1024.0,0.0,0.0,0
bfs,graph1MW.6,h_graph_nodes,0,Kernel2,863893604.98,10.81,73071,1291890681.0,10.81,56544,6.36,65608.2,3.8,5.36,0.17,0.15,0.17,4.23,4.23,95654216185.63,4.36,10.81,72.43,3.74,69.95,11.73,0.11,95.73,1,0.04,4.27,19.79,22.59,278.63,274.79,274.79,2734.68,875098,2772.88,887320,512,1954,16,0,0,0,1000448,6.11,32,8,32,4,46.51,72.67,64,100,111,0x200060000000,0x2000607a1200,8000000,24,5,7872.0,0.0,0.0,0
bfs,graph1MW.6,h_graph_mask,1,Kernel2,863893604.98,10.81,73071,1291890681.0,10.81,56544,6.36,65608.2,3.8,5.36,0.17,0.15,0.17,4.23,4.23,95654216185.63,4.36,10.81,72.43,3.74,69.95,11.73,0.11,95.73,1,0.04,4.27,19.79,22.59,278.63,274.79,274.79,2734.68,875098,2772.88,887320,512,1954,16,0,0,0,1000448,6.11,32,8,32,4,46.51,72.67,64,100,111,0x200060800000,0x2000608f4240,1000000,6,532,1024.0,0.0,0.0,0
bfs,graph1MW.6,h_updating_graph_mask,2,Kernel2,863893604.98,10.81,73071,1291890681.0,10.81,56544,6.36,65608.2,3.8,5.36,0.17,0.15,0.17,4.23,4.23,95654216185.63,4.36,10.81,72.43,3.74,69.95,11.73,0.11,95.73,1,0.04,4.27,19.79,22.59,278.63,274.79,274.79,2734.68,875098,2772.88,887320,512,1954,16,0,0,0,1000448,6.11,32,8,32,4,46.51,72.67,64,100,111,0x2000608f4400,0x2000609e8640,1000000,4,1,1024.0,0.0,0.0,0
bfs,graph1MW.6,h_graph_visited,3,Kernel2,863893604.98,10.81,73071,1291890681.0,10.81,56544,6.36,65608.2,3.8,5.36,0.17,0.15,0.17,4.23,4.23,95654216185.63,4.36,10.81,72.43,3.74,69.95,11.73,0.11,95.73,1,0.04,4.27,19.79,22.59,278.63,274.79,274.79,2734.68,875098,2772.88,887320,512,1954,16,0,0,0,1000448,6.11,32,8,32,4,46.51,72.67,64,100,111,0x200060a00000,0x200060af4240,1000000,5,4,1024.0,0.0,0.0,4
bfs,graph1MW.6,h_graph_nodes,0,Kernel,876423605.98,61.19,283343,1309152060.84,61.19,216352,36.82,273638.53,10.46,28.72,0.39,0.37,0.39,9.67,9.67,549179855051.03,36.82,61.19,69.74,10.46,42.77,13.36,0.16,90.25,1,0.1,9.75,7.71,10.23,137.41,137.02,137.02,26379.12,8441317,26454.8,8465536,512,1954,21,0,0,0,1000448,6.11,32,5,32,4,53.17,83.08,64,100,111,0x200060000000,0x2000607a1200,8000000,24,5,7872.0,0.0,0.0,0
bfs,graph1MW.6,h_graph_mask,1,Kernel,876423605.98,61.19,283343,1309152060.84,61.19,216352,36.82,273638.53,10.46,28.72,0.39,0.37,0.39,9.67,9.67,549179855051.03,36.82,61.19,69.74,10.46,42.77,13.36,0.16,90.25,1,0.1,9.75,7.71,10.23,137.41,137.02,137.02,26379.12,8441317,26454.8,8465536,512,1954,21,0,0,0,1000448,6.11,32,5,32,4,53.17,83.08,64,100,111,0x200060800000,0x2000608f4240,1000000,6,532,1024.0,0.0,0.0,0
bfs,graph1MW.6,h_updating_graph_mask,2,Kernel,876423605.98,61.19,283343,1309152060.84,61.19,216352,36.82,273638.53,10.46,28.72,0.39,0.37,0.39,9.67,9.67,549179855051.03,36.82,61.19,69.74,10.46,42.77,13.36,0.16,90.25,1,0.1,9.75,7.71,10.23,137.41,137.02,137.02,26379.12,8441317,26454.8,8465536,512,1954,21,0,0,0,1000448,6.11,32,5,32,4,53.17,83.08,64,100,111,0x2000608f4400,0x2000609e8640,1000000,4,1,1024.0,0.0,0.0,0
bfs,graph1MW.6,h_graph_visited,3,Kernel,876423605.98,61.19,283343,1309152060.84,61.19,216352,36.82,273638.53,10.46,28.72,0.39,0.37,0.39,9.67,9.67,549179855051.03,36.82,61.19,69.74,10.46,42.77,13.36,0.16,90.25,1,0.1,9.75,7.71,10.23,137.41,137.02,137.02,26379.12,8441317,26454.8,8465536,512,1954,21,0,0,0,1000448,6.11,32,5,32,4,53.17,83.08,64,100,111,0x200060a00000,0x200060af4240,1000000,5,4,1024.0,0.0,0.0,0
bfs,graph1MW.6,h_graph_nodes,0,Kernel2,862507058.16,10.82,73071,1289040443.25,10.82,56672,6.36,65589.7,3.8,5.36,0.17,0.15,0.17,4.23,4.23,95564652738.57,4.36,10.82,72.43,3.74,69.95,11.81,0.11,95.72,1,0.04,4.28,18.49,21.2,279.73,275.87,275.87,2734.63,875083,2772.86,887315,512,1954,16,0,0,0,1000448,6.11,32,8,32,4,46.49,72.64,64,100,111,0x200060000000,0x2000607a1200,8000000,24,5,7872.0,0.0,0.0,0
bfs,graph1MW.6,h_graph_mask,1,Kernel2,862507058.16,10.82,73071,1289040443.25,10.82,56672,6.36,65589.7,3.8,5.36,0.17,0.15,0.17,4.23,4.23,95564652738.57,4.36,10.82,72.43,3.74,69.95,11.81,0.11,95.72,1,0.04,4.28,18.49,21.2,279.73,275.87,275.87,2734.63,875083,2772.86,887315,512,1954,16,0,0,0,1000448,6.11,32,8,32,4,46.49,72.64,64,100,111,0x200060800000,0x2000608f4240,1000000,6,532,1024.0,0.0,0.0,0
bfs,graph1MW.6,h_updating_graph_mask,2,Kernel2,862507058.16,10.82,73071,1289040443.25,10.82,56672,6.36,65589.7,3.8,5.36,0.17,0.15,0.17,4.23,4.23,95564652738.57,4.36,10.82,72.43,3.74,69.95,11.81,0.11,95.72,1,0.04,4.28,18.49,21.2,279.73,275.87,275.87,2734.63,875083,2772.86,887315,512,1954,16,0,0,0,1000448,6.11,32,8,32,4,46.49,72.64,64,100,111,0x2000608f4400,0x2000609e8640,1000000,4,1,1024.0,0.0,0.0,0
bfs,graph1MW.6,h_graph_visited,3,Kernel2,862507058.16,10.82,73071,1289040443.25,10.82,56672,6.36,65589.7,3.8,5.36,0.17,0.15,0.17,4.23,4.23,95564652738.57,4.36,10.82,72.43,3.74,69.95,11.81,0.11,95.72,1,0.04,4.28,18.49,21.2,279.73,275.87,275.87,2734.63,875083,2772.86,887315,512,1954,16,0,0,0,1000448,6.11,32,8,32,4,46.49,72.64,64,100,111,0x200060a00000,0x200060af4240,1000000,5,4,1024.0,0.0,0.0,4
bfs,graph1MW.6,h_graph_nodes,0,Kernel,864669794.3,45.69,114423,1289208167.93,45.69,88672,33.02,108828.43,22.56,34.09,0.84,0.8,0.85,21.18,21.18,404576326236.02,33.02,45.69,72.2,22.56,43.82,13.02,0.37,78.64,1,0.21,21.36,5.76,8.84,61.12,60.95,60.95,22989.79,7356734,23054.03,7377289,512,1954,21,0,0,0,1000448,6.11,32,5,32,4,51.57,80.59,64,100,111,0x200060000000,0x2000607a1200,8000000,24,5,7872.0,0.0,0.0,0
bfs,graph1MW.6,h_graph_mask,1,Kernel,864669794.3,45.69,114423,1289208167.93,45.69,88672,33.02,108828.43,22.56,34.09,0.84,0.8,0.85,21.18,21.18,404576326236.02,33.02,45.69,72.2,22.56,43.82,13.02,0.37,78.64,1,0.21,21.36,5.76,8.84,61.12,60.95,60.95,22989.79,7356734,23054.03,7377289,512,1954,21,0,0,0,1000448,6.11,32,5,32,4,51.57,80.59,64,100,111,0x200060800000,0x2000608f4240,1000000,6,532,1024.0,0.0,0.0,0
bfs,graph1MW.6,h_updating_graph_mask,2,Kernel,864669794.3,45.69,114423,1289208167.93,45.69,88672,33.02,108828.43,22.56,34.09,0.84,0.8,0.85,21.18,21.18,404576326236.02,33.02,45.69,72.2,22.56,43.82,13.02,0.37,78.64,1,0.21,21.36,5.76,8.84,61.12,60.95,60.95,22989.79,7356734,23054.03,7377289,512,1954,21,0,0,0,1000448,6.11,32,5,32,4,51.57,80.59,64,100,111,0x2000608f4400,0x2000609e8640,1000000,4,1,1024.0,0.0,0.0,0
bfs,graph1MW.6,h_graph_visited,3,Kernel,864669794.3,45.69,114423,1289208167.93,45.69,88672,33.02,108828.43,22.56,34.09,0.84,0.8,0.85,21.18,21.18,404576326236.02,33.02,45.69,72.2,22.56,43.82,13.02,0.37,78.64,1,0.21,21.36,5.76,8.84,61.12,60.95,60.95,22989.79,7356734,23054.03,7377289,512,1954,21,0,0,0,1000448,6.11,32,5,32,4,51.57,80.59,64,100,111,0x200060a00000,0x200060af4240,1000000,5,4,1024.0,0.0,0.0,0
bfs,graph1MW.6,h_graph_nodes,0,Kernel2,847381864.62,16.59,31762,1266948701.58,16.59,25056,6.87,24596.11,5.96,7.43,0.3,0.23,0.31,7.69,7.69,143991060025.54,5.76,16.59,70.19,5.65,44.65,12.09,0.14,92.26,1,0.08,7.74,18.96,22.36,159.56,156.34,156.34,1853.1,592993,1891.35,605232,512,1954,16,0,0,0,1000448,6.11,32,8,32,4,48.44,75.68,64,100,111,0x200060000000,0x2000607a1200,8000000,24,5,7872.0,0.0,0.0,0
bfs,graph1MW.6,h_graph_mask,1,Kernel2,847381864.62,16.59,31762,1266948701.58,16.59,25056,6.87,24596.11,5.96,7.43,0.3,0.23,0.31,7.69,7.69,143991060025.54,5.76,16.59,70.19,5.65,44.65,12.09,0.14,92.26,1,0.08,7.74,18.96,22.36,159.56,156.34,156.34,1853.1,592993,1891.35,605232,512,1954,16,0,0,0,1000448,6.11,32,8,32,4,48.44,75.68,64,100,111,0x200060800000,0x2000608f4240,1000000,6,532,1024.0,0.0,0.0,0
bfs,graph1MW.6,h_updating_graph_mask,2,Kernel2,847381864.62,16.59,31762,1266948701.58,16.59,25056,6.87,24596.11,5.96,7.43,0.3,0.23,0.31,7.69,7.69,143991060025.54,5.76,16.59,70.19,5.65,44.65,12.09,0.14,92.26,1,0.08,7.74,18.96,22.36,159.56,156.34,156.34,1853.1,592993,1891.35,605232,512,1954,16,0,0,0,1000448,6.11,32,8,32,4,48.44,75.68,64,100,111,0x2000608f4400,0x2000609e8640,1000000,4,1,1024.0,0.0,0.0,0
bfs,graph1MW.6,h_graph_visited,3,Kernel2,847381864.62,16.59,31762,1266948701.58,16.59,25056,6.87,24596.11,5.96,7.43,0.3,0.23,0.31,7.69,7.69,143991060025.54,5.76,16.59,70.19,5.65,44.65,12.09,0.14,92.26,1,0.08,7.74,18.96,22.36,159.56,156.34,156.34,1853.1,592993,1891.35,605232,512,1954,16,0,0,0,1000448,6.11,32,8,32,4,48.44,75.68,64,100,111,0x200060a00000,0x200060af4240,1000000,5,4,1024.0,0.0,0.0,4
bfs,graph1MW.6,h_graph_nodes,0,Kernel,853598014.89,30.61,32916,1275007754.34,30.61,25792,6.64,28778.47,17.51,20.36,0.73,0.63,0.73,18.28,18.28,267560794044.67,17.82,30.61,46.31,17.51,42.13,8.73,0.28,81.09,1,0.19,18.91,6.61,8.2,46.51,46.16,46.16,5220.1,1670431,5259.36,1682995,512,1954,21,0,0,0,1000448,6.11,32,5,32,4,33.4,52.19,64,100,111,0x200060000000,0x2000607a1200,8000000,24,5,7872.0,0.0,0.0,0
bfs,graph1MW.6,h_graph_mask,1,Kernel,853598014.89,30.61,32916,1275007754.34,30.61,25792,6.64,28778.47,17.51,20.36,0.73,0.63,0.73,18.28,18.28,267560794044.67,17.82,30.61,46.31,17.51,42.13,8.73,0.28,81.09,1,0.19,18.91,6.61,8.2,46.51,46.16,46.16,5220.1,1670431,5259.36,1682995,512,1954,21,0,0,0,1000448,6.11,32,5,32,4,33.4,52.19,64,100,111,0x200060800000,0x2000608f4240,1000000,6,532,1024.0,0.0,0.0,0
bfs,graph1MW.6,h_updating_graph_mask,2,Kernel,853598014.89,30.61,32916,1275007754.34,30.61,25792,6.64,28778.47,17.51,20.36,0.73,0.63,0.73,18.28,18.28,267560794044.67,17.82,30.61,46.31,17.51,42.13,8.73,0.28,81.09,1,0.19,18.91,6.61,8.2,46.51,46.16,46.16,5220.1,1670431,5259.36,1682995,512,1954,21,0,0,0,1000448,6.11,32,5,32,4,33.4,52.19,64,100,111,0x2000608f4400,0x2000609e8640,1000000,4,1,1024.0,0.0,0.0,0
bfs,graph1MW.6,h_graph_visited,3,Kernel,853598014.89,30.61,32916,1275007754.34,30.61,25792,6.64,28778.47,17.51,20.36,0.73,0.63,0.73,18.28,18.28,267560794044.67,17.82,30.61,46.31,17.51,42.13,8.73,0.28,81.09,1,0.19,18.91,6.61,8.2,46.51,46.16,46.16,5220.1,1670431,5259.36,1682995,512,1954,21,0,0,0,1000448,6.11,32,5,32,4,33.4,52.19,64,100,111,0x200060a00000,0x200060af4240,1000000,5,4,1024.0,0.0,0.0,0
bfs,graph1MW.6,h_graph_nodes,0,Kernel2,809963099.63,25.77,10447,1202202490.77,25.77,8672,5.32,6819.35,12.56,17.62,0.75,0.49,0.77,19.2,19.2,213712177121.77,11.52,25.77,50.34,11.26,0.1,11.86,0.33,80.81,1,0.19,19.19,27.05,31.97,63.66,61.8,61.8,1271.15,406768,1309.37,418999,512,1954,16,0,0,0,1000448,6.11,32,8,32,4,48.06,75.1,64,100,111,0x200060000000,0x2000607a1200,8000000,24,5,7872.0,0.0,0.0,0
bfs,graph1MW.6,h_graph_mask,1,Kernel2,809963099.63,25.77,10447,1202202490.77,25.77,8672,5.32,6819.35,12.56,17.62,0.75,0.49,0.77,19.2,19.2,213712177121.77,11.52,25.77,50.34,11.26,0.1,11.86,0.33,80.81,1,0.19,19.19,27.05,31.97,63.66,61.8,61.8,1271.15,406768,1309.37,418999,512,1954,16,0,0,0,1000448,6.11,32,8,32,4,48.06,75.1,64,100,111,0x200060800000,0x2000608f4240,1000000,6,532,1024.0,0.0,0.0,0
bfs,graph1MW.6,h_updating_graph_mask,2,Kernel2,809963099.63,25.77,10447,1202202490.77,25.77,8672,5.32,6819.35,12.56,17.62,0.75,0.49,0.77,19.2,19.2,213712177121.77,11.52,25.77,50.34,11.26,0.1,11.86,0.33,80.81,1,0.19,19.19,27.05,31.97,63.66,61.8,61.8,1271.15,406768,1309.37,418999,512,1954,16,0,0,0,1000448,6.11,32,8,32,4,48.06,75.1,64,100,111,0x2000608f4400,0x2000609e8640,1000000,4,1,1024.0,0.0,0.0,0
bfs,graph1MW.6,h_graph_visited,3,Kernel2,809963099.63,25.77,10447,1202202490.77,25.77,8672,5.32,6819.35,12.56,17.62,0.75,0.49,0.77,19.2,19.2,213712177121.77,11.52,25.77,50.34,11.26,0.1,11.86,0.33,80.81,1,0.19,19.19,27.05,31.97,63.66,61.8,61.8,1271.15,406768,1309.37,418999,512,1954,16,0,0,0,1000448,6.11,32,8,32,4,48.06,75.1,64,100,111,0x200060a00000,0x200060af4240,1000000,5,4,1024.0,0.0,0.0,4
bfs,graph1MW.6,h_graph_nodes,0,Kernel,796576433.12,22.77,11982,1190502255.84,22.77,10048,4.64,7331.65,10.17,16.43,0.64,0.39,0.66,16.6,16.6,185707006369.43,10.07,22.77,50.07,9.85,0.34,11.47,0.26,82.33,1,0.18,17.67,26.55,31.86,67.07,64.9,64.9,1177.52,376806,1216.89,389406,512,1954,21,0,0,0,1000448,6.11,32,5,32,4,46.83,73.17,64,100,111,0x200060000000,0x2000607a1200,8000000,24,5,7872.0,0.0,0.0,0
bfs,graph1MW.6,h_graph_mask,1,Kernel,796576433.12,22.77,11982,1190502255.84,22.77,10048,4.64,7331.65,10.17,16.43,0.64,0.39,0.66,16.6,16.6,185707006369.43,10.07,22.77,50.07,9.85,0.34,11.47,0.26,82.33,1,0.18,17.67,26.55,31.86,67.07,64.9,64.9,1177.52,376806,1216.89,389406,512,1954,21,0,0,0,1000448,6.11,32,5,32,4,46.83,73.17,64,100,111,0x200060800000,0x2000608f4240,1000000,6,532,1024.0,0.0,0.0,0
bfs,graph1MW.6,h_updating_graph_mask,2,Kernel,796576433.12,22.77,11982,1190502255.84,22.77,10048,4.64,7331.65,10.17,16.43,0.64,0.39,0.66,16.6,16.6,185707006369.43,10.07,22.77,50.07,9.85,0.34,11.47,0.26,82.33,1,0.18,17.67,26.55,31.86,67.07,64.9,64.9,1177.52,376806,1216.89,389406,512,1954,21,0,0,0,1000448,6.11,32,5,32,4,46.83,73.17,64,100,111,0x2000608f4400,0x2000609e8640,1000000,4,1,1024.0,0.0,0.0,0
bfs,graph1MW.6,h_graph_visited,3,Kernel,796576433.12,22.77,11982,1190502255.84,22.77,10048,4.64,7331.65,10.17,16.43,0.64,0.39,0.66,16.6,16.6,185707006369.43,10.07,22.77,50.07,9.85,0.34,11.47,0.26,82.33,1,0.18,17.67,26.55,31.86,67.07,64.9,64.9,1177.52,376806,1216.89,389406,512,1954,21,0,0,0,1000448,6.11,32,5,32,4,46.83,73.17,64,100,111,0x200060a00000,0x200060af4240,1000000,5,4,1024.0,0.0,0.0,0
bfs,graph4096,h_graph_nodes,0,Kernel2,681506849.32,0.86,4760,1018478881.28,0.86,4672,0.35,154.32,0.18,5.51,0.19,0.01,0.23,5.64,5.64,5986301369.86,0.28,0.86,83.91,0.15,41.98,3.79,0.07,93.99,1,0.06,6.01,19.13,22.57,73.1,63.02,63.02,7.5,2399,8.7,2783,512,8,16,0,0,0,4096,0.03,32,8,32,4,14.73,23.01,64,100,111,0x200060000000,0x200060008000,32768,1,128,64.0,0.0,0.0,1
bfs,graph4096,h_graph_mask,1,Kernel2,681506849.32,0.86,4760,1018478881.28,0.86,4672,0.35,154.32,0.18,5.51,0.19,0.01,0.23,5.64,5.64,5986301369.86,0.28,0.86,83.91,0.15,41.98,3.79,0.07,93.99,1,0.06,6.01,19.13,22.57,73.1,63.02,63.02,7.5,2399,8.7,2783,512,8,16,0,0,0,4096,0.03,32,8,32,4,14.73,23.01,64,100,111,0x200060008000,0x200060009000,4096,0,0,0.0,0.0,0.0,5
bfs,graph4096,h_updating_graph_mask,2,Kernel2,681506849.32,0.86,4760,1018478881.28,0.86,4672,0.35,154.32,0.18,5.51,0.19,0.01,0.23,5.64,5.64,5986301369.86,0.28,0.86,83.91,0.15,41.98,3.79,0.07,93.99,1,0.06,6.01,19.13,22.57,73.1,63.02,63.02,7.5,2399,8.7,2783,512,8,16,0,0,0,4096,0.03,32,8,32,4,14.73,23.01,64,100,111,0x200060009000,0x20006000a000,4096,0,0,0.0,0.0,0.0,3
bfs,graph4096,h_graph_visited,3,Kernel2,681506849.32,0.86,4760,1018478881.28,0.86,4672,0.35,154.32,0.18,5.51,0.19,0.01,0.23,5.64,5.64,5986301369.86,0.28,0.86,83.91,0.15,41.98,3.79,0.07,93.99,1,0.06,6.01,19.13,22.57,73.1,63.02,63.02,7.5,2399,8.7,2783,512,8,16,0,0,0,4096,0.03,32,8,32,4,14.73,23.01,64,100,111,0x20006000a000,0x20006000b000,4096,0,0,0.0,0.0,0.0,1
bfs,graph4096,h_graph_nodes,0,Kernel,733678343.95,1.31,11042,1098676353.5,1.31,10048,0.45,750.89,0.35,5.2,0.18,0.01,0.19,4.66,4.66,9872611464.97,0.35,1.31,78.73,0.35,59.01,2.71,0.06,93.91,1,0.06,6.09,4.71,5.54,46.12,44.54,44.54,33.82,10823,35.02,11207,512,8,21,0,0,0,4096,0.03,32,5,32,4,6.76,10.56,64,100,111,0x200060000000,0x200060008000,32768,1,128,64.0,0.0,0.0,1
bfs,graph4096,h_graph_mask,1,Kernel,733678343.95,1.31,11042,1098676353.5,1.31,10048,0.45,750.89,0.35,5.2,0.18,0.01,0.19,4.66,4.66,9872611464.97,0.35,1.31,78.73,0.35,59.01,2.71,0.06,93.91,1,0.06,6.09,4.71,5.54,46.12,44.54,44.54,33.82,10823,35.02,11207,512,8,21,0,0,0,4096,0.03,32,5,32,4,6.76,10.56,64,100,111,0x200060008000,0x200060009000,4096,0,0,0.0,0.0,0.0,5
bfs,graph4096,h_updating_graph_mask,2,Kernel,733678343.95,1.31,11042,1098676353.5,1.31,10048,0.45,750.89,0.35,5.2,0.18,0.01,0.19,4.66,4.66,9872611464.97,0.35,1.31,78.73,0.35,59.01,2.71,0.06,93.91,1,0.06,6.09,4.71,5.54,46.12,44.54,44.54,33.82,10823,35.02,11207,512,8,21,0,0,0,4096,0.03,32,5,32,4,6.76,10.56,64,100,111,0x200060009000,0x20006000a000,4096,0,0,0.0,0.0,0.0,3
bfs,graph4096,h_graph_visited,3,Kernel,733678343.95,1.31,11042,1098676353.5,1.31,10048,0.45,750.89,0.35,5.2,0.18,0.01,0.19,4.66,4.66,9872611464.97,0.35,1.31,78.73,0.35,59.01,2.71,0.06,93.91,1,0.06,6.09,4.71,5.54,46.12,44.54,44.54,33.82,10823,35.02,11207,512,8,21,0,0,0,4096,0.03,32,5,32,4,6.76,10.56,64,100,111,0x20006000a000,0x20006000b000,4096,0,0,0.0,0.0,0.0,1
bfs,graph4096,h_graph_nodes,0,Kernel2,667808219.18,1.32,4681,1001890696.35,1.32,4672,0.56,183.76,0.26,8.6,0.24,0.01,0.26,6.59,6.59,9000000000.0,0.38,1.32,90.37,0.23,67.53,3.94,0.11,91.98,1,0.08,8.02,14.26,16.7,54.56,49.16,49.16,10.92,3494,12.12,3878,512,8,16,0,0,0,4096,0.03,32,8,32,4,14.78,23.1,64,100,111,0x200060000000,0x200060008000,32768,1,128,64.0,0.0,0.0,1
bfs,graph4096,h_graph_mask,1,Kernel2,667808219.18,1.32,4681,1001890696.35,1.32,4672,0.56,183.76,0.26,8.6,0.24,0.01,0.26,6.59,6.59,9000000000.0,0.38,1.32,90.37,0.23,67.53,3.94,0.11,91.98,1,0.08,8.02,14.26,16.7,54.56,49.16,49.16,10.92,3494,12.12,3878,512,8,16,0,0,0,4096,0.03,32,8,32,4,14.78,23.1,64,100,111,0x200060008000,0x200060009000,4096,0,0,0.0,0.0,0.0,5
bfs,graph4096,h_updating_graph_mask,2,Kernel2,667808219.18,1.32,4681,1001890696.35,1.32,4672,0.56,183.76,0.26,8.6,0.24,0.01,0.26,6.59,6.59,9000000000.0,0.38,1.32,90.37,0.23,67.53,3.94,0.11,91.98,1,0.08,8.02,14.26,16.7,54.56,49.16,49.16,10.92,3494,12.12,3878,512,8,16,0,0,0,4096,0.03,32,8,32,4,14.78,23.1,64,100,111,0x200060009000,0x20006000a000,4096,0,0,0.0,0.0,0.0,3
bfs,graph4096,h_graph_visited,3,Kernel2,667808219.18,1.32,4681,1001890696.35,1.32,4672,0.56,183.76,0.26,8.6,0.24,0.01,0.26,6.59,6.59,9000000000.0,0.38,1.32,90.37,0.23,67.53,3.94,0.11,91.98,1,0.08,8.02,14.26,16.7,54.56,49.16,49.16,10.92,3494,12.12,3878,512,8,16,0,0,0,4096,0.03,32,8,32,4,14.78,23.1,64,100,111,0x20006000a000,0x20006000b000,4096,0,0,0.0,0.0,0.0,1
bfs,graph4096,h_graph_nodes,0,Kernel,788377192.98,2.59,12915,1179915935.67,2.59,10944,1.3,870.25,0.78,14.4,0.41,0.03,0.41,10.37,10.37,20918128654.97,0.97,2.59,81.58,0.78,77.51,3.76,0.13,88.5,1,0.12,11.5,3.34,3.84,33.17,32.73,32.73,89.05,28495,90.25,28879,512,8,21,0,0,0,4096,0.03,32,5,32,4,12.63,19.74,64,100,111,0x200060000000,0x200060008000,32768,1,128,64.0,0.0,0.0,1
bfs,graph4096,h_graph_mask,1,Kernel,788377192.98,2.59,12915,1179915935.67,2.59,10944,1.3,870.25,0.78,14.4,0.41,0.03,0.41,10.37,10.37,20918128654.97,0.97,2.59,81.58,0.78,77.51,3.76,0.13,88.5,1,0.12,11.5,3.34,3.84,33.17,32.73,32.73,89.05,28495,90.25,28879,512,8,21,0,0,0,4096,0.03,32,5,32,4,12.63,19.74,64,100,111,0x200060008000,0x200060009000,4096,0,0,0.0,0.0,0.0,5
bfs,graph4096,h_updating_graph_mask,2,Kernel,788377192.98,2.59,12915,1179915935.67,2.59,10944,1.3,870.25,0.78,14.4,0.41,0.03,0.41,10.37,10.37,20918128654.97,0.97,2.59,81.58,0.78,77.51,3.76,0.13,88.5,1,0.12,11.5,3.34,3.84,33.17,32.73,32.73,89.05,28495,90.25,28879,512,8,21,0,0,0,4096,0.03,32,5,32,4,12.63,19.74,64,100,111,0x200060009000,0x20006000a000,4096,0,0,0.0,0.0,0.0,3
bfs,graph4096,h_graph_visited,3,Kernel,788377192.98,2.59,12915,1179915935.67,2.59,10944,1.3,870.25,0.78,14.4,0.41,0.03,0.41,10.37,10.37,20918128654.97,0.97,2.59,81.58,0.78,77.51,3.76,0.13,88.5,1,0.12,11.5,3.34,3.84,33.17,32.73,32.73,89.05,28495,90.25,28879,512,8,21,0,0,0,4096,0.03,32,5,32,4,12.63,19.74,64,100,111,0x20006000a000,0x20006000b000,4096,0,0,0.0,0.0,0.0,1
bfs,graph4096,h_graph_nodes,0,Kernel2,751879699.25,1.26,4766,1119439223.06,1.26,4256,0.56,153.19,0.26,10.71,0.29,0.01,0.32,8.09,8.09,9729323308.27,0.39,1.26,90.68,0.24,68.75,4.07,0.12,91.53,1,0.08,8.47,18.26,20.95,53.21,48.06,48.06,11.2,3584,12.4,3968,512,8,16,0,0,0,4096,0.03,32,8,32,4,15.07,23.55,64,100,111,0x200060000000,0x200060008000,32768,1,128,64.0,0.0,0.0,1
bfs,graph4096,h_graph_mask,1,Kernel2,751879699.25,1.26,4766,1119439223.06,1.26,4256,0.56,153.19,0.26,10.71,0.29,0.01,0.32,8.09,8.09,9729323308.27,0.39,1.26,90.68,0.24,68.75,4.07,0.12,91.53,1,0.08,8.47,18.26,20.95,53.21,48.06,48.06,11.2,3584,12.4,3968,512,8,16,0,0,0,4096,0.03,32,8,32,4,15.07,23.55,64,100,111,0x200060008000,0x200060009000,4096,0,0,0.0,0.0,0.0,5
bfs,graph4096,h_updating_graph_mask,2,Kernel2,751879699.25,1.26,4766,1119439223.06,1.26,4256,0.56,153.19,0.26,10.71,0.29,0.01,0.32,8.09,8.09,9729323308.27,0.39,1.26,90.68,0.24,68.75,4.07,0.12,91.53,1,0.08,8.47,18.26,20.95,53.21,48.06,48.06,11.2,3584,12.4,3968,512,8,16,0,0,0,4096,0.03,32,8,32,4,15.07,23.55,64,100,111,0x200060009000,0x20006000a000,4096,0,0,0.0,0.0,0.0,3
bfs,graph4096,h_graph_visited,3,Kernel2,751879699.25,1.26,4766,1119439223.06,1.26,4256,0.56,153.19,0.26,10.71,0.29,0.01,0.32,8.09,8.09,9729323308.27,0.39,1.26,90.68,0.24,68.75,4.07,0.12,91.53,1,0.08,8.47,18.26,20.95,53.21,48.06,48.06,11.2,3584,12.4,3968,512,8,16,0,0,0,4096,0.03,32,8,32,4,15.07,23.55,64,100,111,0x20006000a000,0x20006000b000,4096,0,0,0.0,0.0,0.0,1
bfs,graph4096,h_graph_nodes,0,Kernel,758713136.73,4.24,13552,1134746425.38,4.24,11936,2.69,978.05,0.99,27.53,0.49,0.04,0.49,12.27,12.27,32959785522.79,1.99,4.24,79.12,0.99,85.77,3.96,0.15,87.09,1,0.13,12.91,6.23,7.86,31.01,30.69,30.69,118.78,38008,120.03,38410,512,8,21,0,0,0,4096,0.03,32,5,32,4,13.97,21.83,64,100,111,0x200060000000,0x200060008000,32768,1,128,64.0,0.0,0.0,1
bfs,graph4096,h_graph_mask,1,Kernel,758713136.73,4.24,13552,1134746425.38,4.24,11936,2.69,978.05,0.99,27.53,0.49,0.04,0.49,12.27,12.27,32959785522.79,1.99,4.24,79.12,0.99,85.77,3.96,0.15,87.09,1,0.13,12.91,6.23,7.86,31.01,30.69,30.69,118.78,38008,120.03,38410,512,8,21,0,0,0,4096,0.03,32,5,32,4,13.97,21.83,64,100,111,0x200060008000,0x200060009000,4096,0,0,0.0,0.0,0.0,5
bfs,graph4096,h_updating_graph_mask,2,Kernel,758713136.73,4.24,13552,1134746425.38,4.24,11936,2.69,978.05,0.99,27.53,0.49,0.04,0.49,12.27,12.27,32959785522.79,1.99,4.24,79.12,0.99,85.77,3.96,0.15,87.09,1,0.13,12.91,6.23,7.86,31.01,30.69,30.69,118.78,38008,120.03,38410,512,8,21,0,0,0,4096,0.03,32,5,32,4,13.97,21.83,64,100,111,0x200060009000,0x20006000a000,4096,0,0,0.0,0.0,0.0,3
bfs,graph4096,h_graph_visited,3,Kernel,758713136.73,4.24,13552,1134746425.38,4.24,11936,2.69,978.05,0.99,27.53,0.49,0.04,0.49,12.27,12.27,32959785522.79,1.99,4.24,79.12,0.99,85.77,3.96,0.15,87.09,1,0.13,12.91,6.23,7.86,31.01,30.69,30.69,118.78,38008,120.03,38410,512,8,21,0,0,0,4096,0.03,32,5,32,4,13.97,21.83,64,100,111,0x20006000a000,0x20006000b000,4096,0,0,0.0,0.0,0.0,1
bfs,graph4096,h_graph_nodes,0,Kernel2,702205882.35,1.36,4551,1045611213.24,1.36,4352,0.59,182.99,0.27,8.96,0.24,0.01,0.27,6.81,6.81,9808823529.41,0.4,1.36,90.68,0.25,68.75,3.9,0.12,91.84,1,0.08,8.16,20.31,23.15,53.09,47.74,47.74,11.2,3584,12.46,3986,512,8,16,0,0,0,4096,0.03,32,8,32,4,14.84,23.18,64,100,111,0x200060000000,0x200060008000,32768,1,128,64.0,0.0,0.0,1
bfs,graph4096,h_graph_mask,1,Kernel2,702205882.35,1.36,4551,1045611213.24,1.36,4352,0.59,182.99,0.27,8.96,0.24,0.01,0.27,6.81,6.81,9808823529.41,0.4,1.36,90.68,0.25,68.75,3.9,0.12,91.84,1,0.08,8.16,20.31,23.15,53.09,47.74,47.74,11.2,3584,12.46,3986,512,8,16,0,0,0,4096,0.03,32,8,32,4,14.84,23.18,64,100,111,0x200060008000,0x200060009000,4096,0,0,0.0,0.0,0.0,5
bfs,graph4096,h_updating_graph_mask,2,Kernel2,702205882.35,1.36,4551,1045611213.24,1.36,4352,0.59,182.99,0.27,8.96,0.24,0.01,0.27,6.81,6.81,9808823529.41,0.4,1.36,90.68,0.25,68.75,3.9,0.12,91.84,1,0.08,8.16,20.31,23.15,53.09,47.74,47.74,11.2,3584,12.46,3986,512,8,16,0,0,0,4096,0.03,32,8,32,4,14.84,23.18,64,100,111,0x200060009000,0x20006000a000,4096,0,0,0.0,0.0,0.0,3
bfs,graph4096,h_graph_visited,3,Kernel2,702205882.35,1.36,4551,1045611213.24,1.36,4352,0.59,182.99,0.27,8.96,0.24,0.01,0.27,6.81,6.81,9808823529.41,0.4,1.36,90.68,0.25,68.75,3.9,0.12,91.84,1,0.08,8.16,20.31,23.15,53.09,47.74,47.74,11.2,3584,12.46,3986,512,8,16,0,0,0,4096,0.03,32,8,32,4,14.84,23.18,64,100,111,0x20006000a000,0x20006000b000,4096,0,0,0.0,0.0,0.0,1
bfs,graph4096,h_graph_nodes,0,Kernel,781341107.87,4.52,12826,1168397716.23,4.52,10976,0.92,875.64,0.94,22.1,0.49,0.03,0.5,12.47,12.47,36186588921.28,1.51,4.52,52.17,0.94,80.19,4.03,0.14,87.14,1,0.13,12.86,6.56,10.01,31.69,31.31,31.31,107.92,34533,109.23,34954,512,8,21,0,0,0,4096,0.03,32,5,32,4,13.89,21.7,64,100,111,0x200060000000,0x200060008000,32768,1,128,64.0,0.0,0.0,1
bfs,graph4096,h_graph_mask,1,Kernel,781341107.87,4.52,12826,1168397716.23,4.52,10976,0.92,875.64,0.94,22.1,0.49,0.03,0.5,12.47,12.47,36186588921.28,1.51,4.52,52.17,0.94,80.19,4.03,0.14,87.14,1,0.13,12.86,6.56,10.01,31.69,31.31,31.31,107.92,34533,109.23,34954,512,8,21,0,0,0,4096,0.03,32,5,32,4,13.89,21.7,64,100,111,0x200060008000,0x200060009000,4096,0,0,0.0,0.0,0.0,5
bfs,graph4096,h_updating_graph_mask,2,Kernel,781341107.87,4.52,12826,1168397716.23,4.52,10976,0.92,875.64,0.94,22.1,0.49,0.03,0.5,12.47,12.47,36186588921.28,1.51,4.52,52.17,0.94,80.19,4.03,0.14,87.14,1,0.13,12.86,6.56,10.01,31.69,31.31,31.31,107.92,34533,109.23,34954,512,8,21,0,0,0,4096,0.03,32,5,32,4,13.89,21.7,64,100,111,0x200060009000,0x20006000a000,4096,0,0,0.0,0.0,0.0,3
bfs,graph4096,h_graph_visited,3,Kernel,781341107.87,4.52,12826,1168397716.23,4.52,10976,0.92,875.64,0.94,22.1,0.49,0.03,0.5,12.47,12.47,36186588921.28,1.51,4.52,52.17,0.94,80.19,4.03,0.14,87.14,1,0.13,12.86,6.56,10.01,31.69,31.31,31.31,107.92,34533,109.23,34954,512,8,21,0,0,0,4096,0.03,32,5,32,4,13.89,21.7,64,100,111,0x20006000a000,0x20006000b000,4096,0,0,0.0,0.0,0.0,1
bfs,graph4096,h_graph_nodes,0,Kernel2,720149253.73,1.24,4614,1075870646.77,1.24,4288,0.53,154.35,0.25,9.46,0.27,0.01,0.3,7.49,7.49,9149253731.34,0.37,1.24,89.69,0.22,64.79,3.89,0.1,92.66,1,0.07,7.34,14.63,17.18,59.13,52.99,52.99,10.36,3314,11.56,3698,512,8,16,0,0,0,4096,0.03,32,8,32,4,15.0,23.43,64,100,111,0x200060000000,0x200060008000,32768,1,128,64.0,0.0,0.0,1
bfs,graph4096,h_graph_mask,1,Kernel2,720149253.73,1.24,4614,1075870646.77,1.24,4288,0.53,154.35,0.25,9.46,0.27,0.01,0.3,7.49,7.49,9149253731.34,0.37,1.24,89.69,0.22,64.79,3.89,0.1,92.66,1,0.07,7.34,14.63,17.18,59.13,52.99,52.99,10.36,3314,11.56,3698,512,8,16,0,0,0,4096,0.03,32,8,32,4,15.0,23.43,64,100,111,0x200060008000,0x200060009000,4096,0,0,0.0,0.0,0.0,5
bfs,graph4096,h_updating_graph_mask,2,Kernel2,720149253.73,1.24,4614,1075870646.77,1.24,4288,0.53,154.35,0.25,9.46,0.27,0.01,0.3,7.49,7.49,9149253731.34,0.37,1.24,89.69,0.22,64.79,3.89,0.1,92.66,1,0.07,7.34,14.63,17.18,59.13,52.99,52.99,10.36,3314,11.56,3698,512,8,16,0,0,0,4096,0.03,32,8,32,4,15.0,23.43,64,100,111,0x200060009000,0x20006000a000,4096,0,0,0.0,0.0,0.0,3
bfs,graph4096,h_graph_visited,3,Kernel2,720149253.73,1.24,4614,1075870646.77,1.24,4288,0.53,154.35,0.25,9.46,0.27,0.01,0.3,7.49,7.49,9149253731.34,0.37,1.24,89.69,0.22,64.79,3.89,0.1,92.66,1,0.07,7.34,14.63,17.18,59.13,52.99,52.99,10.36,3314,11.56,3698,512,8,16,0,0,0,4096,0.03,32,8,32,4,15.0,23.43,64,100,111,0x20006000a000,0x20006000b000,4096,0,0,0.0,0.0,0.0,1
bfs,graph4096,h_graph_nodes,0,Kernel,751937984.5,1.74,9289,1124878875.97,1.74,8256,0.36,572.55,0.55,9.68,0.32,0.02,0.33,8.22,8.22,13387596899.22,0.6,1.74,57.83,0.55,49.11,3.64,0.1,91.02,1,0.09,8.98,3.78,4.97,41.53,40.48,40.48,45.88,14681,47.08,15065,512,8,21,0,0,0,4096,0.03,32,5,32,4,11.38,17.78,64,100,111,0x200060000000,0x200060008000,32768,1,128,64.0,0.0,0.0,1
bfs,graph4096,h_graph_mask,1,Kernel,751937984.5,1.74,9289,1124878875.97,1.74,8256,0.36,572.55,0.55,9.68,0.32,0.02,0.33,8.22,8.22,13387596899.22,0.6,1.74,57.83,0.55,49.11,3.64,0.1,91.02,1,0.09,8.98,3.78,4.97,41.53,40.48,40.48,45.88,14681,47.08,15065,512,8,21,0,0,0,4096,0.03,32,5,32,4,11.38,17.78,64,100,111,0x200060008000,0x200060009000,4096,0,0,0.0,0.0,0.0,5
bfs,graph4096,h_updating_graph_mask,2,Kernel,751937984.5,1.74,9289,1124878875.97,1.74,8256,0.36,572.55,0.55,9.68,0.32,0.02,0.33,8.22,8.22,13387596899.22,0.6,1.74,57.83,0.55,49.11,3.64,0.1,91.02,1,0.09,8.98,3.78,4.97,41.53,40.48,40.48,45.88,14681,47.08,15065,512,8,21,0,0,0,4096,0.03,32,5,32,4,11.38,17.78,64,100,111,0x200060009000,0x20006000a000,4096,0,0,0.0,0.0,0.0,3
bfs,graph4096,h_graph_visited,3,Kernel,751937984.5,1.74,9289,1124878875.97,1.74,8256,0.36,572.55,0.55,9.68,0.32,0.02,0.33,8.22,8.22,13387596899.22,0.6,1.74,57.83,0.55,49.11,3.64,0.1,91.02,1,0.09,8.98,3.78,4.97,41.53,40.48,40.48,45.88,14681,47.08,15065,512,8,21,0,0,0,4096,0.03,32,5,32,4,11.38,17.78,64,100,111,0x20006000a000,0x20006000b000,4096,0,0,0.0,0.0,0.0,1
bfs,graph4096,h_graph_nodes,0,Kernel2,637931034.48,0.44,4454,959877873.56,0.44,4640,0.24,142.36,0.15,3.44,0.15,0.0,0.18,4.56,4.56,2882758620.69,0.21,0.44,71.66,0.11,1.47,3.93,0.06,95.21,1,0.05,4.79,26.61,31.45,100.61,82.02,82.02,5.29,1694,6.49,2078,512,8,16,0,0,0,4096,0.03,32,8,32,4,15.27,23.85,64,100,111,0x200060000000,0x200060008000,32768,1,128,64.0,0.0,0.0,1
bfs,graph4096,h_graph_mask,1,Kernel2,637931034.48,0.44,4454,959877873.56,0.44,4640,0.24,142.36,0.15,3.44,0.15,0.0,0.18,4.56,4.56,2882758620.69,0.21,0.44,71.66,0.11,1.47,3.93,0.06,95.21,1,0.05,4.79,26.61,31.45,100.61,82.02,82.02,5.29,1694,6.49,2078,512,8,16,0,0,0,4096,0.03,32,8,32,4,15.27,23.85,64,100,111,0x200060008000,0x200060009000,4096,0,0,0.0,0.0,0.0,5
bfs,graph4096,h_updating_graph_mask,2,Kernel2,637931034.48,0.44,4454,959877873.56,0.44,4640,0.24,142.36,0.15,3.44,0.15,0.0,0.18,4.56,4.56,2882758620.69,0.21,0.44,71.66,0.11,1.47,3.93,0.06,95.21,1,0.05,4.79,26.61,31.45,100.61,82.02,82.02,5.29,1694,6.49,2078,512,8,16,0,0,0,4096,0.03,32,8,32,4,15.27,23.85,64,100,111,0x200060009000,0x20006000a000,4096,0,0,0.0,0.0,0.0,3
bfs,graph4096,h_graph_visited,3,Kernel2,637931034.48,0.44,4454,959877873.56,0.44,4640,0.24,142.36,0.15,3.44,0.15,0.0,0.18,4.56,4.56,2882758620.69,0.21,0.44,71.66,0.11,1.47,3.93,0.06,95.21,1,0.05,4.79,26.61,31.45,100.61,82.02,82.02,5.29,1694,6.49,2078,512,8,16,0,0,0,4096,0.03,32,8,32,4,15.27,23.85,64,100,111,0x20006000a000,0x20006000b000,4096,0,0,0.0,0.0,0.0,1
bfs,graph4096,h_graph_nodes,0,Kernel,742857142.86,0.41,6225,1111458333.33,0.41,5600,0.17,192.2,0.1,2.67,0.11,0.0,0.13,3.28,3.28,3154285714.29,0.15,0.41,68.95,0.08,3.57,3.53,0.04,95.76,1,0.04,4.24,25.11,30.14,102.71,83.17,83.17,5.11,1634,6.31,2018,512,8,21,0,0,0,4096,0.03,32,5,32,4,11.91,18.61,64,100,111,0x200060000000,0x200060008000,32768,1,128,64.0,0.0,0.0,1
bfs,graph4096,h_graph_mask,1,Kernel,742857142.86,0.41,6225,1111458333.33,0.41,5600,0.17,192.2,0.1,2.67,0.11,0.0,0.13,3.28,3.28,3154285714.29,0.15,0.41,68.95,0.08,3.57,3.53,0.04,95.76,1,0.04,4.24,25.11,30.14,102.71,83.17,83.17,5.11,1634,6.31,2018,512,8,21,0,0,0,4096,0.03,32,5,32,4,11.91,18.61,64,100,111,0x200060008000,0x200060009000,4096,0,0,0.0,0.0,0.0,5
bfs,graph4096,h_updating_graph_mask,2,Kernel,742857142.86,0.41,6225,1111458333.33,0.41,5600,0.17,192.2,0.1,2.67,0.11,0.0,0.13,3.28,3.28,3154285714.29,0.15,0.41,68.95,0.08,3.57,3.53,0.04,95.76,1,0.04,4.24,25.11,30.14,102.71,83.17,83.17,5.11,1634,6.31,2018,512,8,21,0,0,0,4096,0.03,32,5,32,4,11.91,18.61,64,100,111,0x200060009000,0x20006000a000,4096,0,0,0.0,0.0,0.0,3
bfs,graph4096,h_graph_visited,3,Kernel,742857142.86,0.41,6225,1111458333.33,0.41,5600,0.17,192.2,0.1,2.67,0.11,0.0,0.13,3.28,3.28,3154285714.29,0.15,0.41,68.95,0.08,3.57,3.53,0.04,95.76,1,0.04,4.24,25.11,30.14,102.71,83.17,83.17,5.11,1634,6.31,2018,512,8,21,0,0,0,4096,0.03,32,5,32,4,11.91,18.61,64,100,111,0x20006000a000,0x20006000b000,4096,0,0,0.0,0.0,0.0,1
bfs,graph4096,h_graph_nodes,0,Kernel2,719696969.7,0.46,4537,1073666351.01,0.46,4224,0.23,147.24,0.14,3.26,0.14,0.0,0.17,4.35,4.35,3378787878.79,0.2,0.46,70.71,0.11,0.0,3.9,0.05,95.53,1,0.04,4.47,27.08,32.0,107.25,87.14,87.14,5.2,1664,6.4,2048,512,8,16,0,0,0,4096,0.03,32,8,32,4,15.13,23.64,64,100,111,0x200060000000,0x200060008000,32768,1,128,64.0,0.0,0.0,1
bfs,graph4096,h_graph_mask,1,Kernel2,719696969.7,0.46,4537,1073666351.01,0.46,4224,0.23,147.24,0.14,3.26,0.14,0.0,0.17,4.35,4.35,3378787878.79,0.2,0.46,70.71,0.11,0.0,3.9,0.05,95.53,1,0.04,4.47,27.08,32.0,107.25,87.14,87.14,5.2,1664,6.4,2048,512,8,16,0,0,0,4096,0.03,32,8,32,4,15.13,23.64,64,100,111,0x200060008000,0x200060009000,4096,0,0,0.0,0.0,0.0,5
bfs,graph4096,h_updating_graph_mask,2,Kernel2,719696969.7,0.46,4537,1073666351.01,0.46,4224,0.23,147.24,0.14,3.26,0.14,0.0,0.17,4.35,4.35,3378787878.79,0.2,0.46,70.71,0.11,0.0,3.9,0.05,95.53,1,0.04,4.47,27.08,32.0,107.25,87.14,87.14,5.2,1664,6.4,2048,512,8,16,0,0,0,4096,0.03,32,8,32,4,15.13,23.64,64,100,111,0x200060009000,0x20006000a000,4096,0,0,0.0,0.0,0.0,3
bfs,graph4096,h_graph_visited,3,Kernel2,719696969.7,0.46,4537,1073666351.01,0.46,4224,0.23,147.24,0.14,3.26,0.14,0.0,0.17,4.35,4.35,3378787878.79,0.2,0.46,70.71,0.11,0.0,3.9,0.05,95.53,1,0.04,4.47,27.08,32.0,107.25,87.14,87.14,5.2,1664,6.4,2048,512,8,16,0,0,0,4096,0.03,32,8,32,4,15.13,23.64,64,100,111,0x20006000a000,0x20006000b000,4096,0,0,0.0,0.0,0.0,1
bfs,graph65536,h_graph_nodes,0,Kernel2,697986577.18,6.45,4966,1041142337.81,6.45,4768,1.05,1588.08,2.11,4.99,0.21,0.07,0.26,6.58,6.58,46107382550.34,1.59,6.45,56.04,1.59,2.73,6.01,0.11,93.51,1,0.06,6.49,26.42,31.22,113.38,92.59,92.59,85.36,27314,104.52,33447,512,128,16,0,0,0,65536,0.4,32,8,32,4,23.33,36.45,64,100,111,0x200060000000,0x200060080000,524288,5,198,576.0,0.0,0.0,4
bfs,graph65536,h_graph_mask,1,Kernel2,697986577.18,6.45,4966,1041142337.81,6.45,4768,1.05,1588.08,2.11,4.99,0.21,0.07,0.26,6.58,6.58,46107382550.34,1.59,6.45,56.04,1.59,2.73,6.01,0.11,93.51,1,0.06,6.49,26.42,31.22,113.38,92.59,92.59,85.36,27314,104.52,33447,512,128,16,0,0,0,65536,0.4,32,8,32,4,23.33,36.45,64,100,111,0x200060080000,0x200060090000,65536,2,197,192.0,0.0,0.0,4
bfs,graph65536,h_updating_graph_mask,2,Kernel2,697986577.18,6.45,4966,1041142337.81,6.45,4768,1.05,1588.08,2.11,4.99,0.21,0.07,0.26,6.58,6.58,46107382550.34,1.59,6.45,56.04,1.59,2.73,6.01,0.11,93.51,1,0.06,6.49,26.42,31.22,113.38,92.59,92.59,85.36,27314,104.52,33447,512,128,16,0,0,0,65536,0.4,32,8,32,4,23.33,36.45,64,100,111,0x200060090000,0x2000600a0000,65536,2,0,128.0,0.0,0.0,2
bfs,graph65536,h_graph_visited,3,Kernel2,697986577.18,6.45,4966,1041142337.81,6.45,4768,1.05,1588.08,2.11,4.99,0.21,0.07,0.26,6.58,6.58,46107382550.34,1.59,6.45,56.04,1.59,2.73,6.01,0.11,93.51,1,0.06,6.49,26.42,31.22,113.38,92.59,92.59,85.36,27314,104.52,33447,512,128,16,0,0,0,65536,0.4,32,8,32,4,23.33,36.45,64,100,111,0x2000600a0000,0x2000600b0000,65536,1,87,192.0,0.0,0.0,1
bfs,graph65536,h_graph_nodes,0,Kernel,778378378.38,3.94,13798,1165132319.82,3.94,11840,0.62,3937.51,0.89,2.75,0.11,0.03,0.13,3.13,3.13,31372972972.97,0.79,3.94,56.49,0.78,27.47,4.74,0.07,94.63,1,0.05,5.37,19.94,23.89,104.55,88.29,88.29,104.03,33288,123.18,39418,512,128,21,0,0,0,65536,0.4,32,5,32,4,10.37,16.2,64,100,111,0x200060000000,0x200060080000,524288,5,198,576.0,0.0,0.0,0
bfs,graph65536,h_graph_mask,1,Kernel,778378378.38,3.94,13798,1165132319.82,3.94,11840,0.62,3937.51,0.89,2.75,0.11,0.03,0.13,3.13,3.13,31372972972.97,0.79,3.94,56.49,0.78,27.47,4.74,0.07,94.63,1,0.05,5.37,19.94,23.89,104.55,88.29,88.29,104.03,33288,123.18,39418,512,128,21,0,0,0,65536,0.4,32,5,32,4,10.37,16.2,64,100,111,0x200060080000,0x200060090000,65536,2,197,192.0,0.0,0.0,0
bfs,graph65536,h_updating_graph_mask,2,Kernel,778378378.38,3.94,13798,1165132319.82,3.94,11840,0.62,3937.51,0.89,2.75,0.11,0.03,0.13,3.13,3.13,31372972972.97,0.79,3.94,56.49,0.78,27.47,4.74,0.07,94.63,1,0.05,5.37,19.94,23.89,104.55,88.29,88.29,104.03,33288,123.18,39418,512,128,21,0,0,0,65536,0.4,32,5,32,4,10.37,16.2,64,100,111,0x200060090000,0x2000600a0000,65536,2,0,128.0,0.0,0.0,3
bfs,graph65536,h_graph_visited,3,Kernel,778378378.38,3.94,13798,1165132319.82,3.94,11840,0.62,3937.51,0.89,2.75,0.11,0.03,0.13,3.13,3.13,31372972972.97,0.79,3.94,56.49,0.78,27.47,4.74,0.07,94.63,1,0.05,5.37,19.94,23.89,104.55,88.29,88.29,104.03,33288,123.18,39418,512,128,21,0,0,0,65536,0.4,32,5,32,4,10.37,16.2,64,100,111,0x2000600a0000,0x2000600b0000,65536,1,87,192.0,0.0,0.0,0
bfs,graph65536,h_graph_nodes,0,Kernel2,710884353.74,7.87,5007,1063952664.4,7.87,4704,1.69,1676.84,2.3,5.43,0.23,0.08,0.27,6.85,6.85,57265306122.45,1.82,7.87,68.12,1.8,18.08,6.11,0.11,92.93,1,0.07,7.07,23.66,27.95,103.84,86.52,86.52,95.76,30644,114.92,36776,512,128,16,0,0,0,65536,0.4,32,8,32,4,22.94,35.85,64,100,111,0x200060000000,0x200060080000,524288,5,198,576.0,0.0,0.0,4
bfs,graph65536,h_graph_mask,1,Kernel2,710884353.74,7.87,5007,1063952664.4,7.87,4704,1.69,1676.84,2.3,5.43,0.23,0.08,0.27,6.85,6.85,57265306122.45,1.82,7.87,68.12,1.8,18.08,6.11,0.11,92.93,1,0.07,7.07,23.66,27.95,103.84,86.52,86.52,95.76,30644,114.92,36776,512,128,16,0,0,0,65536,0.4,32,8,32,4,22.94,35.85,64,100,111,0x200060080000,0x200060090000,65536,2,197,192.0,0.0,0.0,4
bfs,graph65536,h_updating_graph_mask,2,Kernel2,710884353.74,7.87,5007,1063952664.4,7.87,4704,1.69,1676.84,2.3,5.43,0.23,0.08,0.27,6.85,6.85,57265306122.45,1.82,7.87,68.12,1.8,18.08,6.11,0.11,92.93,1,0.07,7.07,23.66,27.95,103.84,86.52,86.52,95.76,30644,114.92,36776,512,128,16,0,0,0,65536,0.4,32,8,32,4,22.94,35.85,64,100,111,0x200060090000,0x2000600a0000,65536,2,0,128.0,0.0,0.0,2
bfs,graph65536,h_graph_visited,3,Kernel2,710884353.74,7.87,5007,1063952664.4,7.87,4704,1.69,1676.84,2.3,5.43,0.23,0.08,0.27,6.85,6.85,57265306122.45,1.82,7.87,68.12,1.8,18.08,6.11,0.11,92.93,1,0.07,7.07,23.66,27.95,103.84,86.52,86.52,95.76,30644,114.92,36776,512,128,16,0,0,0,65536,0.4,32,8,32,4,22.94,35.85,64,100,111,0x2000600a0000,0x2000600b0000,65536,1,87,192.0,0.0,0.0,1
bfs,graph65536,h_graph_nodes,0,Kernel,789921465.97,8.14,14436,1180491928.45,8.14,12224,1.81,7991.39,1.82,3.31,0.12,0.07,0.13,3.22,3.22,65837696335.08,1.83,8.14,69.4,1.82,45.87,2.95,0.06,94.85,1,0.05,5.15,9.29,11.07,61.93,57.31,57.31,237.84,76110,257.01,82242,512,128,21,0,0,0,65536,0.4,32,5,32,4,7.15,11.17,64,100,111,0x200060000000,0x200060080000,524288,5,198,576.0,0.0,0.0,0
bfs,graph65536,h_graph_mask,1,Kernel,789921465.97,8.14,14436,1180491928.45,8.14,12224,1.81,7991.39,1.82,3.31,0.12,0.07,0.13,3.22,3.22,65837696335.08,1.83,8.14,69.4,1.82,45.87,2.95,0.06,94.85,1,0.05,5.15,9.29,11.07,61.93,57.31,57.31,237.84,76110,257.01,82242,512,128,21,0,0,0,65536,0.4,32,5,32,4,7.15,11.17,64,100,111,0x200060080000,0x200060090000,65536,2,197,192.0,0.0,0.0,0
bfs,graph65536,h_updating_graph_mask,2,Kernel,789921465.97,8.14,14436,1180491928.45,8.14,12224,1.81,7991.39,1.82,3.31,0.12,0.07,0.13,3.22,3.22,65837696335.08,1.83,8.14,69.4,1.82,45.87,2.95,0.06,94.85,1,0.05,5.15,9.29,11.07,61.93,57.31,57.31,237.84,76110,257.01,82242,512,128,21,0,0,0,65536,0.4,32,5,32,4,7.15,11.17,64,100,111,0x200060090000,0x2000600a0000,65536,2,0,128.0,0.0,0.0,3
bfs,graph65536,h_graph_visited,3,Kernel,789921465.97,8.14,14436,1180491928.45,8.14,12224,1.81,7991.39,1.82,3.31,0.12,0.07,0.13,3.22,3.22,65837696335.08,1.83,8.14,69.4,1.82,45.87,2.95,0.06,94.85,1,0.05,5.15,9.29,11.07,61.93,57.31,57.31,237.84,76110,257.01,82242,512,128,21,0,0,0,65536,0.4,32,5,32,4,7.15,11.17,64,100,111,0x2000600a0000,0x2000600b0000,65536,1,87,192.0,0.0,0.0,0
bfs,graph65536,h_graph_nodes,0,Kernel2,774193548.39,10.22,6871,1153981854.84,10.22,5952,3.03,1747.72,2.31,8.41,0.32,0.08,0.36,9.06,9.06,81000000000.0,2.11,10.22,85.15,1.99,54.25,6.39,0.17,90.75,1,0.09,9.25,16.76,19.75,78.58,69.07,69.07,139.17,44534,158.34,50669,512,128,16,0,0,0,65536,0.4,32,8,32,4,22.63,35.36,64,100,111,0x200060000000,0x200060080000,524288,5,198,576.0,0.0,0.0,4
bfs,graph65536,h_graph_mask,1,Kernel2,774193548.39,10.22,6871,1153981854.84,10.22,5952,3.03,1747.72,2.31,8.41,0.32,0.08,0.36,9.06,9.06,81000000000.0,2.11,10.22,85.15,1.99,54.25,6.39,0.17,90.75,1,0.09,9.25,16.76,19.75,78.58,69.07,69.07,139.17,44534,158.34,50669,512,128,16,0,0,0,65536,0.4,32,8,32,4,22.63,35.36,64,100,111,0x200060080000,0x200060090000,65536,2,197,192.0,0.0,0.0,4
bfs,graph65536,h_updating_graph_mask,2,Kernel2,774193548.39,10.22,6871,1153981854.84,10.22,5952,3.03,1747.72,2.31,8.41,0.32,0.08,0.36,9.06,9.06,81000000000.0,2.11,10.22,85.15,1.99,54.25,6.39,0.17,90.75,1,0.09,9.25,16.76,19.75,78.58,69.07,69.07,139.17,44534,158.34,50669,512,128,16,0,0,0,65536,0.4,32,8,32,4,22.63,35.36,64,100,111,0x200060090000,0x2000600a0000,65536,2,0,128.0,0.0,0.0,2
bfs,graph65536,h_graph_visited,3,Kernel2,774193548.39,10.22,6871,1153981854.84,10.22,5952,3.03,1747.72,2.31,8.41,0.32,0.08,0.36,9.06,9.06,81000000000.0,2.11,10.22,85.15,1.99,54.25,6.39,0.17,90.75,1,0.09,9.25,16.76,19.75,78.58,69.07,69.07,139.17,44534,158.34,50669,512,128,16,0,0,0,65536,0.4,32,8,32,4,22.63,35.36,64,100,111,0x2000600a0000,0x2000600b0000,65536,1,87,192.0,0.0,0.0,1
bfs,graph65536,h_graph_nodes,0,Kernel,821601941.75,14.07,16178,1225905137.54,14.07,13184,6.89,10649.79,5.74,9.25,0.31,0.2,0.31,7.86,7.86,118364077669.9,6.1,14.07,82.04,5.74,52.41,3.89,0.11,91.31,1,0.09,8.69,3.66,4.27,45.77,44.72,44.72,818.19,261822,837.36,267955,512,128,21,0,0,0,65536,0.4,32,5,32,4,13.49,21.07,64,100,111,0x200060000000,0x200060080000,524288,5,198,576.0,0.0,0.0,0
bfs,graph65536,h_graph_mask,1,Kernel,821601941.75,14.07,16178,1225905137.54,14.07,13184,6.89,10649.79,5.74,9.25,0.31,0.2,0.31,7.86,7.86,118364077669.9,6.1,14.07,82.04,5.74,52.41,3.89,0.11,91.31,1,0.09,8.69,3.66,4.27,45.77,44.72,44.72,818.19,261822,837.36,267955,512,128,21,0,0,0,65536,0.4,32,5,32,4,13.49,21.07,64,100,111,0x200060080000,0x200060090000,65536,2,197,192.0,0.0,0.0,0
bfs,graph65536,h_updating_graph_mask,2,Kernel,821601941.75,14.07,16178,1225905137.54,14.07,13184,6.89,10649.79,5.74,9.25,0.31,0.2,0.31,7.86,7.86,118364077669.9,6.1,14.07,82.04,5.74,52.41,3.89,0.11,91.31,1,0.09,8.69,3.66,4.27,45.77,44.72,44.72,818.19,261822,837.36,267955,512,128,21,0,0,0,65536,0.4,32,5,32,4,13.49,21.07,64,100,111,0x200060090000,0x2000600a0000,65536,2,0,128.0,0.0,0.0,3
bfs,graph65536,h_graph_visited,3,Kernel,821601941.75,14.07,16178,1225905137.54,14.07,13184,6.89,10649.79,5.74,9.25,0.31,0.2,0.31,7.86,7.86,118364077669.9,6.1,14.07,82.04,5.74,52.41,3.89,0.11,91.31,1,0.09,8.69,3.66,4.27,45.77,44.72,44.72,818.19,261822,837.36,267955,512,128,21,0,0,0,65536,0.4,32,5,32,4,13.49,21.07,64,100,111,0x2000600a0000,0x2000600b0000,65536,1,87,192.0,0.0,0.0,0
bfs,graph65536,h_graph_nodes,0,Kernel2,783549783.55,9.62,8641,1168267496.39,9.62,7392,3.68,2225.55,2.29,10.36,0.32,0.08,0.35,8.87,8.87,77168831168.83,2.48,9.62,89.98,2.06,69.0,5.86,0.22,89.52,1,0.1,10.48,15.03,17.5,61.88,55.88,55.88,178.36,57074,197.49,63198,512,128,16,0,0,0,65536,0.4,32,8,32,4,22.07,34.49,64,100,111,0x200060000000,0x200060080000,524288,5,198,576.0,0.0,0.0,4
bfs,graph65536,h_graph_mask,1,Kernel2,783549783.55,9.62,8641,1168267496.39,9.62,7392,3.68,2225.55,2.29,10.36,0.32,0.08,0.35,8.87,8.87,77168831168.83,2.48,9.62,89.98,2.06,69.0,5.86,0.22,89.52,1,0.1,10.48,15.03,17.5,61.88,55.88,55.88,178.36,57074,197.49,63198,512,128,16,0,0,0,65536,0.4,32,8,32,4,22.07,34.49,64,100,111,0x200060080000,0x200060090000,65536,2,197,192.0,0.0,0.0,4
bfs,graph65536,h_updating_graph_mask,2,Kernel2,783549783.55,9.62,8641,1168267496.39,9.62,7392,3.68,2225.55,2.29,10.36,0.32,0.08,0.35,8.87,8.87,77168831168.83,2.48,9.62,89.98,2.06,69.0,5.86,0.22,89.52,1,0.1,10.48,15.03,17.5,61.88,55.88,55.88,178.36,57074,197.49,63198,512,128,16,0,0,0,65536,0.4,32,8,32,4,22.07,34.49,64,100,111,0x200060090000,0x2000600a0000,65536,2,0,128.0,0.0,0.0,2
bfs,graph65536,h_graph_visited,3,Kernel2,783549783.55,9.62,8641,1168267496.39,9.62,7392,3.68,2225.55,2.29,10.36,0.32,0.08,0.35,8.87,8.87,77168831168.83,2.48,9.62,89.98,2.06,69.0,5.86,0.22,89.52,1,0.1,10.48,15.03,17.5,61.88,55.88,55.88,178.36,57074,197.49,63198,512,128,16,0,0,0,65536,0.4,32,8,32,4,22.07,34.49,64,100,111,0x2000600a0000,0x2000600b0000,65536,1,87,192.0,0.0,0.0,1
bfs,graph65536,h_graph_nodes,0,Kernel,847269624.57,16.68,23729,1263340799.2,19.23,18752,19.23,16027.71,7.93,21.49,0.41,0.28,0.42,10.45,10.45,144733788395.9,14.89,19.23,85.75,7.93,55.73,5.89,0.15,88.72,1,0.11,11.28,4.1,4.76,52.78,52.17,52.17,1655.31,529700,1674.66,535891,512,128,21,0,0,0,65536,0.4,32,5,32,4,21.53,33.63,64,100,111,0x200060000000,0x200060080000,524288,5,198,576.0,0.0,0.0,0
bfs,graph65536,h_graph_mask,1,Kernel,847269624.57,16.68,23729,1263340799.2,19.23,18752,19.23,16027.71,7.93,21.49,0.41,0.28,0.42,10.45,10.45,144733788395.9,14.89,19.23,85.75,7.93,55.73,5.89,0.15,88.72,1,0.11,11.28,4.1,4.76,52.78,52.17,52.17,1655.31,529700,1674.66,535891,512,128,21,0,0,0,65536,0.4,32,5,32,4,21.53,33.63,64,100,111,0x200060080000,0x200060090000,65536,2,197,192.0,0.0,0.0,0
bfs,graph65536,h_updating_graph_mask,2,Kernel,847269624.57,16.68,23729,1263340799.2,19.23,18752,19.23,16027.71,7.93,21.49,0.41,0.28,0.42,10.45,10.45,144733788395.9,14.89,19.23,85.75,7.93,55.73,5.89,0.15,88.72,1,0.11,11.28,4.1,4.76,52.78,52.17,52.17,1655.31,529700,1674.66,535891,512,128,21,0,0,0,65536,0.4,32,5,32,4,21.53,33.63,64,100,111,0x200060090000,0x2000600a0000,65536,2,0,128.0,0.0,0.0,3
bfs,graph65536,h_graph_visited,3,Kernel,847269624.57,16.68,23729,1263340799.2,19.23,18752,19.23,16027.71,7.93,21.49,0.41,0.28,0.42,10.45,10.45,144733788395.9,14.89,19.23,85.75,7.93,55.73,5.89,0.15,88.72,1,0.11,11.28,4.1,4.76,52.78,52.17,52.17,1655.31,529700,1674.66,535891,512,128,21,0,0,0,65536,0.4,32,5,32,4,21.53,33.63,64,100,111,0x2000600a0000,0x2000600b0000,65536,1,87,192.0,0.0,0.0,0
bfs,graph65536,h_graph_nodes,0,Kernel2,778017241.38,9.57,8619,1160470545.98,9.57,7424,3.71,2043.62,2.3,11.37,0.35,0.08,0.39,9.71,9.71,76267241379.31,2.34,9.57,90.05,2.08,69.22,6.0,0.24,88.95,1,0.11,11.05,20.32,23.16,60.07,54.27,54.27,179.2,57344,198.36,63474,512,128,16,0,0,0,65536,0.4,32,8,32,4,21.26,33.22,64,100,111,0x200060000000,0x200060080000,524288,5,198,576.0,0.0,0.0,4
bfs,graph65536,h_graph_mask,1,Kernel2,778017241.38,9.57,8619,1160470545.98,9.57,7424,3.71,2043.62,2.3,11.37,0.35,0.08,0.39,9.71,9.71,76267241379.31,2.34,9.57,90.05,2.08,69.22,6.0,0.24,88.95,1,0.11,11.05,20.32,23.16,60.07,54.27,54.27,179.2,57344,198.36,63474,512,128,16,0,0,0,65536,0.4,32,8,32,4,21.26,33.22,64,100,111,0x200060080000,0x200060090000,65536,2,197,192.0,0.0,0.0,4
bfs,graph65536,h_updating_graph_mask,2,Kernel2,778017241.38,9.57,8619,1160470545.98,9.57,7424,3.71,2043.62,2.3,11.37,0.35,0.08,0.39,9.71,9.71,76267241379.31,2.34,9.57,90.05,2.08,69.22,6.0,0.24,88.95,1,0.11,11.05,20.32,23.16,60.07,54.27,54.27,179.2,57344,198.36,63474,512,128,16,0,0,0,65536,0.4,32,8,32,4,21.26,33.22,64,100,111,0x200060090000,0x2000600a0000,65536,2,0,128.0,0.0,0.0,2
bfs,graph65536,h_graph_visited,3,Kernel2,778017241.38,9.57,8619,1160470545.98,9.57,7424,3.71,2043.62,2.3,11.37,0.35,0.08,0.39,9.71,9.71,76267241379.31,2.34,9.57,90.05,2.08,69.22,6.0,0.24,88.95,1,0.11,11.05,20.32,23.16,60.07,54.27,54.27,179.2,57344,198.36,63474,512,128,16,0,0,0,65536,0.4,32,8,32,4,21.26,33.22,64,100,111,0x2000600a0000,0x2000600b0000,65536,1,87,192.0,0.0,0.0,1
bfs,graph65536,h_graph_nodes,0,Kernel,859154929.58,18.06,29131,1279291373.24,24.91,22720,24.91,20228.89,7.35,27.34,0.38,0.26,0.38,9.5,9.5,158881690140.85,20.41,24.91,85.44,7.35,53.34,6.12,0.13,90.16,1,0.1,9.84,7.31,9.96,62.84,62.16,62.16,1901.01,608323,1921.63,614923,512,128,21,0,0,0,65536,0.4,32,5,32,4,23.53,36.77,64,100,111,0x200060000000,0x200060080000,524288,5,198,576.0,0.0,0.0,0
bfs,graph65536,h_graph_mask,1,Kernel,859154929.58,18.06,29131,1279291373.24,24.91,22720,24.91,20228.89,7.35,27.34,0.38,0.26,0.38,9.5,9.5,158881690140.85,20.41,24.91,85.44,7.35,53.34,6.12,0.13,90.16,1,0.1,9.84,7.31,9.96,62.84,62.16,62.16,1901.01,608323,1921.63,614923,512,128,21,0,0,0,65536,0.4,32,5,32,4,23.53,36.77,64,100,111,0x200060080000,0x200060090000,65536,2,197,192.0,0.0,0.0,0
bfs,graph65536,h_updating_graph_mask,2,Kernel,859154929.58,18.06,29131,1279291373.24,24.91,22720,24.91,20228.89,7.35,27.34,0.38,0.26,0.38,9.5,9.5,158881690140.85,20.41,24.91,85.44,7.35,53.34,6.12,0.13,90.16,1,0.1,9.84,7.31,9.96,62.84,62.16,62.16,1901.01,608323,1921.63,614923,512,128,21,0,0,0,65536,0.4,32,5,32,4,23.53,36.77,64,100,111,0x200060090000,0x2000600a0000,65536,2,0,128.0,0.0,0.0,3
bfs,graph65536,h_graph_visited,3,Kernel,859154929.58,18.06,29131,1279291373.24,24.91,22720,24.91,20228.89,7.35,27.34,0.38,0.26,0.38,9.5,9.5,158881690140.85,20.41,24.91,85.44,7.35,53.34,6.12,0.13,90.16,1,0.1,9.84,7.31,9.96,62.84,62.16,62.16,1901.01,608323,1921.63,614923,512,128,21,0,0,0,65536,0.4,32,5,32,4,23.53,36.77,64,100,111,0x2000600a0000,0x2000600b0000,65536,1,87,192.0,0.0,0.0,0
bfs,graph65536,h_graph_nodes,0,Kernel2,781385281.39,9.8,8651,1169575216.45,9.8,7392,3.7,2044.41,2.29,11.37,0.35,0.08,0.39,9.7,9.7,78432900432.9,2.5,9.8,90.05,2.07,69.22,5.99,0.23,89.15,1,0.11,10.85,17.69,20.34,61.06,55.17,55.17,179.2,57344,198.35,63473,512,128,16,0,0,0,65536,0.4,32,8,32,4,21.59,33.73,64,100,111,0x200060000000,0x200060080000,524288,5,198,576.0,0.0,0.0,4
bfs,graph65536,h_graph_mask,1,Kernel2,781385281.39,9.8,8651,1169575216.45,9.8,7392,3.7,2044.41,2.29,11.37,0.35,0.08,0.39,9.7,9.7,78432900432.9,2.5,9.8,90.05,2.07,69.22,5.99,0.23,89.15,1,0.11,10.85,17.69,20.34,61.06,55.17,55.17,179.2,57344,198.35,63473,512,128,16,0,0,0,65536,0.4,32,8,32,4,21.59,33.73,64,100,111,0x200060080000,0x200060090000,65536,2,197,192.0,0.0,0.0,4
bfs,graph65536,h_updating_graph_mask,2,Kernel2,781385281.39,9.8,8651,1169575216.45,9.8,7392,3.7,2044.41,2.29,11.37,0.35,0.08,0.39,9.7,9.7,78432900432.9,2.5,9.8,90.05,2.07,69.22,5.99,0.23,89.15,1,0.11,10.85,17.69,20.34,61.06,55.17,55.17,179.2,57344,198.35,63473,512,128,16,0,0,0,65536,0.4,32,8,32,4,21.59,33.73,64,100,111,0x200060090000,0x2000600a0000,65536,2,0,128.0,0.0,0.0,2
bfs,graph65536,h_graph_visited,3,Kernel2,781385281.39,9.8,8651,1169575216.45,9.8,7392,3.7,2044.41,2.29,11.37,0.35,0.08,0.39,9.7,9.7,78432900432.9,2.5,9.8,90.05,2.07,69.22,5.99,0.23,89.15,1,0.11,10.85,17.69,20.34,61.06,55.17,55.17,179.2,57344,198.35,63473,512,128,16,0,0,0,65536,0.4,32,8,32,4,21.59,33.73,64,100,111,0x2000600a0000,0x2000600b0000,65536,1,87,192.0,0.0,0.0,1
bfs,graph65536,h_graph_nodes,0,Kernel,809468822.17,24.06,16741,1206228348.73,24.06,13856,12.27,12603.62,10.07,20.99,0.48,0.36,0.48,12.07,12.07,199436489607.39,15.83,24.06,70.5,10.07,51.25,6.0,0.16,87.49,1,0.13,12.51,4.94,7.5,48.63,47.97,47.97,1500.69,480221,1521.22,486791,512,128,21,0,0,0,65536,0.4,32,5,32,4,22.25,34.77,64,100,111,0x200060000000,0x200060080000,524288,5,198,576.0,0.0,0.0,0
bfs,graph65536,h_graph_mask,1,Kernel,809468822.17,24.06,16741,1206228348.73,24.06,13856,12.27,12603.62,10.07,20.99,0.48,0.36,0.48,12.07,12.07,199436489607.39,15.83,24.06,70.5,10.07,51.25,6.0,0.16,87.49,1,0.13,12.51,4.94,7.5,48.63,47.97,47.97,1500.69,480221,1521.22,486791,512,128,21,0,0,0,65536,0.4,32,5,32,4,22.25,34.77,64,100,111,0x200060080000,0x200060090000,65536,2,197,192.0,0.0,0.0,0
bfs,graph65536,h_updating_graph_mask,2,Kernel,809468822.17,24.06,16741,1206228348.73,24.06,13856,12.27,12603.62,10.07,20.99,0.48,0.36,0.48,12.07,12.07,199436489607.39,15.83,24.06,70.5,10.07,51.25,6.0,0.16,87.49,1,0.13,12.51,4.94,7.5,48.63,47.97,47.97,1500.69,480221,1521.22,486791,512,128,21,0,0,0,65536,0.4,32,5,32,4,22.25,34.77,64,100,111,0x200060090000,0x2000600a0000,65536,2,0,128.0,0.0,0.0,3
bfs,graph65536,h_graph_visited,3,Kernel,809468822.17,24.06,16741,1206228348.73,24.06,13856,12.27,12603.62,10.07,20.99,0.48,0.36,0.48,12.07,12.07,199436489607.39,15.83,24.06,70.5,10.07,51.25,6.0,0.16,87.49,1,0.13,12.51,4.94,7.5,48.63,47.97,47.97,1500.69,480221,1521.22,486791,512,128,21,0,0,0,65536,0.4,32,5,32,4,22.25,34.77,64,100,111,0x2000600a0000,0x2000600b0000,65536,1,87,192.0,0.0,0.0,0
bfs,graph65536,h_graph_nodes,0,Kernel2,698224852.07,9.96,5664,1046690088.76,9.96,5408,2.55,1746.19,2.4,6.57,0.27,0.08,0.31,7.77,7.77,71183431952.66,2.03,9.96,79.38,1.98,39.03,6.45,0.13,92.07,1,0.08,7.93,19.67,23.21,94.65,81.27,81.27,116.43,37259,135.6,43392,512,128,16,0,0,0,65536,0.4,32,8,32,4,22.74,35.53,64,100,111,0x200060000000,0x200060080000,524288,5,198,576.0,0.0,0.0,4
bfs,graph65536,h_graph_mask,1,Kernel2,698224852.07,9.96,5664,1046690088.76,9.96,5408,2.55,1746.19,2.4,6.57,0.27,0.08,0.31,7.77,7.77,71183431952.66,2.03,9.96,79.38,1.98,39.03,6.45,0.13,92.07,1,0.08,7.93,19.67,23.21,94.65,81.27,81.27,116.43,37259,135.6,43392,512,128,16,0,0,0,65536,0.4,32,8,32,4,22.74,35.53,64,100,111,0x200060080000,0x200060090000,65536,2,197,192.0,0.0,0.0,4
bfs,graph65536,h_updating_graph_mask,2,Kernel2,698224852.07,9.96,5664,1046690088.76,9.96,5408,2.55,1746.19,2.4,6.57,0.27,0.08,0.31,7.77,7.77,71183431952.66,2.03,9.96,79.38,1.98,39.03,6.45,0.13,92.07,1,0.08,7.93,19.67,23.21,94.65,81.27,81.27,116.43,37259,135.6,43392,512,128,16,0,0,0,65536,0.4,32,8,32,4,22.74,35.53,64,100,111,0x200060090000,0x2000600a0000,65536,2,0,128.0,0.0,0.0,2
bfs,graph65536,h_graph_visited,3,Kernel2,698224852.07,9.96,5664,1046690088.76,9.96,5408,2.55,1746.19,2.4,6.57,0.27,0.08,0.31,7.77,7.77,71183431952.66,2.03,9.96,79.38,1.98,39.03,6.45,0.13,92.07,1,0.08,7.93,19.67,23.21,94.65,81.27,81.27,116.43,37259,135.6,43392,512,128,16,0,0,0,65536,0.4,32,8,32,4,22.74,35.53,64,100,111,0x2000600a0000,0x2000600b0000,65536,1,87,192.0,0.0,0.0,1
bfs,graph65536,h_graph_nodes,0,Kernel,804832713.75,9.87,10413,1209282063.2,9.87,8608,1.56,5402.77,2.62,5.09,0.19,0.1,0.2,5.0,5.0,81330855018.59,2.64,9.87,46.42,2.62,31.22,3.79,0.07,93.98,1,0.06,6.02,8.65,10.59,67.87,63.06,63.06,251.16,80370,270.32,86504,512,128,21,0,0,0,65536,0.4,32,5,32,4,11.82,18.46,64,100,111,0x200060000000,0x200060080000,524288,5,198,576.0,0.0,0.0,0
bfs,graph65536,h_graph_mask,1,Kernel,804832713.75,9.87,10413,1209282063.2,9.87,8608,1.56,5402.77,2.62,5.09,0.19,0.1,0.2,5.0,5.0,81330855018.59,2.64,9.87,46.42,2.62,31.22,3.79,0.07,93.98,1,0.06,6.02,8.65,10.59,67.87,63.06,63.06,251.16,80370,270.32,86504,512,128,21,0,0,0,65536,0.4,32,5,32,4,11.82,18.46,64,100,111,0x200060080000,0x200060090000,65536,2,197,192.0,0.0,0.0,0
bfs,graph65536,h_updating_graph_mask,2,Kernel,804832713.75,9.87,10413,1209282063.2,9.87,8608,1.56,5402.77,2.62,5.09,0.19,0.1,0.2,5.0,5.0,81330855018.59,2.64,9.87,46.42,2.62,31.22,3.79,0.07,93.98,1,0.06,6.02,8.65,10.59,67.87,63.06,63.06,251.16,80370,270.32,86504,512,128,21,0,0,0,65536,0.4,32,5,32,4,11.82,18.46,64,100,111,0x200060090000,0x2000600a0000,65536,2,0,128.0,0.0,0.0,3
bfs,graph65536,h_graph_visited,3,Kernel,804832713.75,9.87,10413,1209282063.2,9.87,8608,1.56,5402.77,2.62,5.09,0.19,0.1,0.2,5.0,5.0,81330855018.59,2.64,9.87,46.42,2.62,31.22,3.79,0.07,93.98,1,0.06,6.02,8.65,10.59,67.87,63.06,63.06,251.16,80370,270.32,86504,512,128,21,0,0,0,65536,0.4,32,5,32,4,11.82,18.46,64,100,111,0x2000600a0000,0x2000600b0000,65536,1,87,192.0,0.0,0.0,0
bfs,graph65536,h_graph_nodes,0,Kernel2,697278911.56,6.15,4933,1048185941.04,6.15,4704,0.93,1682.01,2.08,4.59,0.2,0.07,0.24,6.1,6.1,43904761904.76,1.56,6.15,52.82,1.56,0.34,6.37,0.11,93.5,1,0.06,6.5,26.99,31.9,120.49,98.0,98.0,83.48,26714,102.64,32846,512,128,16,0,0,0,65536,0.4,32,8,32,4,23.32,36.44,64,100,111,0x200060000000,0x200060080000,524288,5,198,576.0,0.0,0.0,4
bfs,graph65536,h_graph_mask,1,Kernel2,697278911.56,6.15,4933,1048185941.04,6.15,4704,0.93,1682.01,2.08,4.59,0.2,0.07,0.24,6.1,6.1,43904761904.76,1.56,6.15,52.82,1.56,0.34,6.37,0.11,93.5,1,0.06,6.5,26.99,31.9,120.49,98.0,98.0,83.48,26714,102.64,32846,512,128,16,0,0,0,65536,0.4,32,8,32,4,23.32,36.44,64,100,111,0x200060080000,0x200060090000,65536,2,197,192.0,0.0,0.0,4
bfs,graph65536,h_updating_graph_mask,2,Kernel2,697278911.56,6.15,4933,1048185941.04,6.15,4704,0.93,1682.01,2.08,4.59,0.2,0.07,0.24,6.1,6.1,43904761904.76,1.56,6.15,52.82,1.56,0.34,6.37,0.11,93.5,1,0.06,6.5,26.99,31.9,120.49,98.0,98.0,83.48,26714,102.64,32846,512,128,16,0,0,0,65536,0.4,32,8,32,4,23.32,36.44,64,100,111,0x200060090000,0x2000600a0000,65536,2,0,128.0,0.0,0.0,2
bfs,graph65536,h_graph_visited,3,Kernel2,697278911.56,6.15,4933,1048185941.04,6.15,4704,0.93,1682.01,2.08,4.59,0.2,0.07,0.24,6.1,6.1,43904761904.76,1.56,6.15,52.82,1.56,0.34,6.37,0.11,93.5,1,0.06,6.5,26.99,31.9,120.49,98.0,98.0,83.48,26714,102.64,32846,512,128,16,0,0,0,65536,0.4,32,8,32,4,23.32,36.44,64,100,111,0x2000600a0000,0x2000600b0000,65536,1,87,192.0,0.0,0.0,1
bfs,graph65536,h_graph_nodes,0,Kernel,803370786.52,4.62,6834,1199584503.75,4.62,5696,0.68,1696.64,1.42,4.58,0.18,0.05,0.23,5.7,5.7,38000000000.0,1.14,4.62,51.97,1.14,0.62,5.96,0.08,93.94,1,0.06,6.06,26.41,31.69,122.62,98.33,98.33,77.57,24822,96.73,30955,512,128,21,0,0,0,65536,0.4,32,5,32,4,22.28,34.82,64,100,111,0x200060000000,0x200060080000,524288,5,198,576.0,0.0,0.0,0
bfs,graph65536,h_graph_mask,1,Kernel,803370786.52,4.62,6834,1199584503.75,4.62,5696,0.68,1696.64,1.42,4.58,0.18,0.05,0.23,5.7,5.7,38000000000.0,1.14,4.62,51.97,1.14,0.62,5.96,0.08,93.94,1,0.06,6.06,26.41,31.69,122.62,98.33,98.33,77.57,24822,96.73,30955,512,128,21,0,0,0,65536,0.4,32,5,32,4,22.28,34.82,64,100,111,0x200060080000,0x200060090000,65536,2,197,192.0,0.0,0.0,0
bfs,graph65536,h_updating_graph_mask,2,Kernel,803370786.52,4.62,6834,1199584503.75,4.62,5696,0.68,1696.64,1.42,4.58,0.18,0.05,0.23,5.7,5.7,38000000000.0,1.14,4.62,51.97,1.14,0.62,5.96,0.08,93.94,1,0.06,6.06,26.41,31.69,122.62,98.33,98.33,77.57,24822,96.73,30955,512,128,21,0,0,0,65536,0.4,32,5,32,4,22.28,34.82,64,100,111,0x200060090000,0x2000600a0000,65536,2,0,128.0,0.0,0.0,3
bfs,graph65536,h_graph_visited,3,Kernel,803370786.52,4.62,6834,1199584503.75,4.62,5696,0.68,1696.64,1.42,4.58,0.18,0.05,0.23,5.7,5.7,38000000000.0,1.14,4.62,51.97,1.14,0.62,5.96,0.08,93.94,1,0.06,6.06,26.41,31.69,122.62,98.33,98.33,77.57,24822,96.73,30955,512,128,21,0,0,0,65536,0.4,32,5,32,4,22.28,34.82,64,100,111,0x2000600a0000,0x2000600b0000,65536,1,87,192.0,0.0,0.0,0
bfs,graph65536,h_graph_nodes,0,Kernel2,715753424.66,5.87,4984,1066424086.76,5.87,4672,0.92,1613.22,2.05,4.76,0.21,0.07,0.25,6.35,6.35,43054794520.55,1.54,5.87,52.29,1.54,0.0,7.44,0.11,93.27,1,0.07,6.73,27.08,32.0,135.94,110.48,110.48,83.2,26624,102.37,32757,512,128,16,0,0,0,65536,0.4,32,8,32,4,23.67,36.98,64,100,111,0x200060000000,0x200060080000,524288,5,198,576.0,0.0,0.0,4
bfs,graph65536,h_graph_mask,1,Kernel2,715753424.66,5.87,4984,1066424086.76,5.87,4672,0.92,1613.22,2.05,4.76,0.21,0.07,0.25,6.35,6.35,43054794520.55,1.54,5.87,52.29,1.54,0.0,7.44,0.11,93.27,1,0.07,6.73,27.08,32.0,135.94,110.48,110.48,83.2,26624,102.37,32757,512,128,16,0,0,0,65536,0.4,32,8,32,4,23.67,36.98,64,100,111,0x200060080000,0x200060090000,65536,2,197,192.0,0.0,0.0,4
bfs,graph65536,h_updating_graph_mask,2,Kernel2,715753424.66,5.87,4984,1066424086.76,5.87,4672,0.92,1613.22,2.05,4.76,0.21,0.07,0.25,6.35,6.35,43054794520.55,1.54,5.87,52.29,1.54,0.0,7.44,0.11,93.27,1,0.07,6.73,27.08,32.0,135.94,110.48,110.48,83.2,26624,102.37,32757,512,128,16,0,0,0,65536,0.4,32,8,32,4,23.67,36.98,64,100,111,0x200060090000,0x2000600a0000,65536,2,0,128.0,0.0,0.0,2
bfs,graph65536,h_graph_visited,3,Kernel2,715753424.66,5.87,4984,1066424086.76,5.87,4672,0.92,1613.22,2.05,4.76,0.21,0.07,0.25,6.35,6.35,43054794520.55,1.54,5.87,52.29,1.54,0.0,7.44,0.11,93.27,1,0.07,6.73,27.08,32.0,135.94,110.48,110.48,83.2,26624,102.37,32757,512,128,16,0,0,0,65536,0.4,32,8,32,4,23.67,36.98,64,100,111,0x2000600a0000,0x2000600b0000,65536,1,87,192.0,0.0,0.0,1
