kernel,InputData,advise0,advise1,variant,TimePerc,Time,calls,AVG,MIN,MAX
calculate_temp,1024,0,0,00,5.24,0.052192,1,0.052192,0.052192,0.052192
calculate_temp,128,0,0,00,22.63,6.11e-03,1,6.11e-03,6.11e-03,6.11e-03
calculate_temp,2048,0,0,00,4.07,0.189695,1,0.189695,0.189695,0.189695
calculate_temp,256,0,0,00,25.12,8.35e-03,1,8.35e-03,8.35e-03,8.35e-03
calculate_temp,4096,0,0,00,3.84,0.739452,1,0.739452,0.739452,0.739452
calculate_temp,512,0,0,00,21.95,0.016703,1,0.016703,0.016703,0.016703
calculate_temp,64,0,0,00,37.95,5.70e-03,1,5.70e-03,5.70e-03,5.70e-03
calculate_temp,8192,0,0,00,2.11,2.908142,1,2.908142,2.908142,2.908142
calculate_temp,1024,0,1,01,75.11,1.912373,1,1.912373,1.912373,1.912373
calculate_temp,128,0,1,01,97.02,0.418174,1,0.418174,0.418174,0.418174
calculate_temp,2048,0,1,01,71.68,7.947760,1,7.947760,7.947760,7.947760
calculate_temp,256,0,1,01,96.93,0.551934,1,0.551934,0.551934,0.551934
calculate_temp,4096,0,1,01,61.34,26.86605,1,26.86605,26.86605,26.86605
calculate_temp,512,0,1,01,95.36,0.836476,1,0.836476,0.836476,0.836476
calculate_temp,64,0,1,01,98.12,0.346654,1,0.346654,0.346654,0.346654
calculate_temp,8192,0,1,01,53.39,82.51227,1,82.51227,82.51227,82.51227
calculate_temp,1024,0,2,02,71.28,1.584599,1,1.584599,1.584599,1.584599
calculate_temp,128,0,2,02,56.03,0.015904,1,0.015904,0.015904,0.015904
calculate_temp,2048,0,2,02,66.16,6.163387,1,6.163387,6.163387,6.163387
calculate_temp,256,0,2,02,66.24,0.032896,1,0.032896,0.032896,0.032896
calculate_temp,4096,0,2,02,58.16,23.58053,1,23.58053,23.58053,23.58053
calculate_temp,512,0,2,02,69.39,0.093567,1,0.093567,0.093567,0.093567
calculate_temp,64,0,2,02,61.36,0.010111,1,0.010111,0.010111,0.010111
calculate_temp,8192,0,2,02,49.34,69.03354,1,69.03354,69.03354,69.03354
calculate_temp,1024,0,3,03,74.80,1.891573,1,1.891573,1.891573,1.891573
calculate_temp,128,0,3,03,55.88,0.015808,1,0.015808,0.015808,0.015808
calculate_temp,2048,0,3,03,70.80,7.704978,1,7.704978,7.704978,7.704978
calculate_temp,256,0,3,03,65.90,0.031968,1,0.031968,0.031968,0.031968
calculate_temp,4096,0,3,03,61.77,27.46592,1,27.46592,27.46592,27.46592
calculate_temp,512,0,3,03,69.50,0.095647,1,0.095647,0.095647,0.095647
calculate_temp,64,0,3,03,58.90,9.22e-03,1,9.22e-03,9.22e-03,9.22e-03
calculate_temp,8192,0,3,03,53.93,81.49241,1,81.49241,81.49241,81.49241
calculate_temp,1024,0,4,04,28.23,0.272318,1,0.272318,0.272318,0.272318
calculate_temp,128,0,4,04,51.68,0.013312,1,0.013312,0.013312,0.013312
calculate_temp,2048,0,4,04,21.88,0.947354,1,0.947354,0.947354,0.947354
calculate_temp,256,0,4,04,61.71,0.028416,1,0.028416,0.028416,0.028416
calculate_temp,4096,0,4,04,18.13,3.798953,1,3.798953,3.798953,3.798953
calculate_temp,512,0,4,04,67.50,0.089184,1,0.089184,0.089184,0.089184
calculate_temp,64,0,4,04,54.85,7.78e-03,1,7.78e-03,7.78e-03,7.78e-03
calculate_temp,8192,0,4,04,17.91,15.23437,1,15.23437,15.23437,15.23437
calculate_temp,1024,0,5,05,89.80,5.639136,1,5.639136,5.639136,5.639136
calculate_temp,128,0,5,05,55.23,0.015552,1,0.015552,0.015552,0.015552
calculate_temp,2048,0,5,05,88.09,22.90105,1,22.90105,22.90105,22.90105
calculate_temp,256,0,5,05,64.97,0.031808,1,0.031808,0.031808,0.031808
calculate_temp,4096,0,5,05,77.34,57.34862,1,57.34862,57.34862,57.34862
calculate_temp,512,0,5,05,68.60,0.088352,1,0.088352,0.088352,0.088352
calculate_temp,64,0,5,05,59.35,9.34e-03,1,9.34e-03,9.34e-03,9.34e-03
calculate_temp,8192,0,5,05,66.62,140.8533,1,140.8533,140.8533,140.8533
calculate_temp,1024,0,6,06,77.05,2.150484,1,2.150484,2.150484,2.150484
calculate_temp,128,0,6,06,54.96,0.015424,1,0.015424,0.015424,0.015424
calculate_temp,2048,0,6,06,73.34,8.537676,1,8.537676,8.537676,8.537676
calculate_temp,256,0,6,06,65.74,0.031808,1,0.031808,0.031808,0.031808
calculate_temp,4096,0,6,06,63.54,29.44757,1,29.44757,29.44757,29.44757
calculate_temp,512,0,6,06,68.47,0.090624,1,0.090624,0.090624,0.090624
calculate_temp,64,0,6,06,60.66,0.010016,1,0.010016,0.010016,0.010016
calculate_temp,8192,0,6,06,56.58,90.61201,1,90.61201,90.61201,90.61201
calculate_temp,1024,1,0,10,90.84,3.245261,1,3.245261,3.245261,3.245261
calculate_temp,128,1,0,10,97.89,0.407647,1,0.407647,0.407647,0.407647
calculate_temp,2048,1,0,10,90.63,12.04300,1,12.04300,12.04300,12.04300
calculate_temp,256,1,0,10,98.30,0.582461,1,0.582461,0.582461,0.582461
calculate_temp,4096,1,0,10,87.81,39.54751,1,39.54751,39.54751,39.54751
calculate_temp,512,1,0,10,98.15,1.148346,1,1.148346,1.148346,1.148346
calculate_temp,64,1,0,10,98.84,0.288959,1,0.288959,0.288959,0.288959
calculate_temp,8192,1,0,10,84.50,128.2132,1,128.2132,128.2132,128.2132
calculate_temp,1024,1,1,11,100.00,4.133161,1,4.133161,4.133161,4.133161
calculate_temp,128,1,1,11,100.00,0.619774,1,0.619774,0.619774,0.619774
calculate_temp,2048,1,1,11,100.00,16.15680,1,16.15680,16.15680,16.15680
calculate_temp,256,1,1,11,100.00,0.872765,1,0.872765,0.872765,0.872765
calculate_temp,4096,1,1,11,100.00,49.27632,1,49.27632,49.27632,49.27632
calculate_temp,512,1,1,11,100.00,1.680760,1,1.680760,1.680760,1.680760
calculate_temp,64,1,1,11,100.00,0.333951,1,0.333951,0.333951,0.333951
calculate_temp,8192,1,1,11,100.00,165.3723,1,165.3723,165.3723,165.3723
calculate_temp,1024,1,2,12,100.00,4.319495,1,4.319495,4.319495,4.319495
calculate_temp,128,1,2,12,100.00,0.289919,1,0.289919,0.289919,0.289919
calculate_temp,2048,1,2,12,100.00,14.41255,1,14.41255,14.41255,14.41255
calculate_temp,256,1,2,12,100.00,0.669502,1,0.669502,0.669502,0.669502
calculate_temp,4096,1,2,12,100.00,45.98837,1,45.98837,45.98837,45.98837
calculate_temp,512,1,2,12,100.00,1.691799,1,1.691799,1.691799,1.691799
calculate_temp,64,1,2,12,100.00,0.219872,1,0.219872,0.219872,0.219872
calculate_temp,8192,1,2,12,100.00,150.9597,1,150.9597,150.9597,150.9597
calculate_temp,1024,1,3,13,100.00,4.540742,1,4.540742,4.540742,4.540742
calculate_temp,128,1,3,13,100.00,0.291646,1,0.291646,0.291646,0.291646
calculate_temp,2048,1,3,13,100.00,15.07712,1,15.07712,15.07712,15.07712
calculate_temp,256,1,3,13,100.00,0.527070,1,0.527070,0.527070,0.527070
calculate_temp,4096,1,3,13,100.00,49.14998,1,49.14998,49.14998,49.14998
calculate_temp,512,1,3,13,100.00,1.701400,1,1.701400,1.701400,1.701400
calculate_temp,64,1,3,13,100.00,0.011232,1,0.011232,0.011232,0.011232
calculate_temp,8192,1,3,13,100.00,161.4231,1,161.4231,161.4231,161.4231
calculate_temp,1024,1,4,14,100.00,4.201001,1,4.201001,4.201001,4.201001
calculate_temp,128,1,4,14,100.00,0.481438,1,0.481438,0.481438,0.481438
calculate_temp,2048,1,4,14,100.00,16.00544,1,16.00544,16.00544,16.00544
calculate_temp,256,1,4,14,100.00,0.798077,1,0.798077,0.798077,0.798077
calculate_temp,4096,1,4,14,100.00,54.14554,1,54.14554,54.14554,54.14554
calculate_temp,512,1,4,14,100.00,1.393210,1,1.393210,1.393210,1.393210
calculate_temp,64,1,4,14,100.00,9.06e-03,1,9.06e-03,9.06e-03,9.06e-03
calculate_temp,8192,1,4,14,100.00,193.5380,1,193.5380,193.5380,193.5380
calculate_temp,1024,1,5,15,100.00,8.520080,1,8.520080,8.520080,8.520080
calculate_temp,128,1,5,15,100.00,0.283423,1,0.283423,0.283423,0.283423
calculate_temp,2048,1,5,15,100.00,29.41819,1,29.41819,29.41819,29.41819
calculate_temp,256,1,5,15,100.00,0.440990,1,0.440990,0.440990,0.440990
calculate_temp,4096,1,5,15,100.00,75.79059,1,75.79059,75.79059,75.79059
calculate_temp,512,1,5,15,100.00,2.134741,1,2.134741,2.134741,2.134741
calculate_temp,64,1,5,15,100.00,0.011584,1,0.011584,0.011584,0.011584
calculate_temp,8192,1,5,15,100.00,209.2980,1,209.2980,209.2980,209.2980
calculate_temp,1024,1,6,16,100.00,4.553222,1,4.553222,4.553222,4.553222
calculate_temp,128,1,6,16,100.00,0.287487,1,0.287487,0.287487,0.287487
calculate_temp,2048,1,6,16,100.00,17.32636,1,17.32636,17.32636,17.32636
calculate_temp,256,1,6,16,100.00,0.433822,1,0.433822,0.433822,0.433822
calculate_temp,4096,1,6,16,100.00,52.38212,1,52.38212,52.38212,52.38212
calculate_temp,512,1,6,16,100.00,2.374100,1,2.374100,2.374100,2.374100
calculate_temp,64,1,6,16,100.00,0.011808,1,0.011808,0.011808,0.011808
calculate_temp,8192,1,6,16,100.00,162.4009,1,162.4009,162.4009,162.4009
calculate_temp,1024,2,0,20,98.70,24.00946,1,24.00946,24.00946,24.00946
calculate_temp,128,2,0,20,96.90,0.274719,1,0.274719,0.274719,0.274719
calculate_temp,2048,2,0,20,98.75,97.96738,1,97.96738,97.96738,97.96738
calculate_temp,256,2,0,20,99.36,1.506393,1,1.506393,1.506393,1.506393
calculate_temp,4096,2,0,20,98.19,295.6673,1,295.6673,295.6673,295.6673
calculate_temp,512,2,0,20,99.63,6.092226,1,6.092226,6.092226,6.092226
calculate_temp,64,2,0,20,98.59,0.236607,1,0.236607,0.236607,0.236607
calculate_temp,8192,2,0,20,98.78,1.92e+03,1,1.92e+03,1.92e+03,1.92e+03
calculate_temp,1024,2,1,21,100.00,25.13567,1,25.13567,25.13567,25.13567
calculate_temp,128,2,1,21,100.00,0.287711,1,0.287711,0.287711,0.287711
calculate_temp,2048,2,1,21,100.00,103.7895,1,103.7895,103.7895,103.7895
calculate_temp,256,2,1,21,100.00,1.576570,1,1.576570,1.576570,1.576570
calculate_temp,4096,2,1,21,100.00,304.5305,1,304.5305,304.5305,304.5305
calculate_temp,512,2,1,21,100.00,6.206690,1,6.206690,6.206690,6.206690
calculate_temp,64,2,1,21,100.00,0.216351,1,0.216351,0.216351,0.216351
calculate_temp,8192,2,1,21,100.00,2.03e+03,1,2.03e+03,2.03e+03,2.03e+03
calculate_temp,1024,2,2,22,100.00,28.01152,1,28.01152,28.01152,28.01152
calculate_temp,128,2,2,22,100.00,0.277023,1,0.277023,0.277023,0.277023
calculate_temp,2048,2,2,22,100.00,106.0771,1,106.0771,106.0771,106.0771
calculate_temp,256,2,2,22,100.00,1.526777,1,1.526777,1.526777,1.526777
calculate_temp,4096,2,2,22,100.00,354.6518,1,354.6518,354.6518,354.6518
calculate_temp,512,2,2,22,100.00,5.486885,1,5.486885,5.486885,5.486885
calculate_temp,64,2,2,22,100.00,0.206463,1,0.206463,0.206463,0.206463
calculate_temp,8192,2,2,22,100.00,1.89e+03,1,1.89e+03,1.89e+03,1.89e+03
calculate_temp,1024,2,3,23,100.00,26.27675,1,26.27675,26.27675,26.27675
calculate_temp,128,2,3,23,100.00,0.282975,1,0.282975,0.282975,0.282975
calculate_temp,2048,2,3,23,100.00,103.4222,1,103.4222,103.4222,103.4222
calculate_temp,256,2,3,23,100.00,1.564666,1,1.564666,1.564666,1.564666
calculate_temp,4096,2,3,23,100.00,386.9101,1,386.9101,386.9101,386.9101
calculate_temp,512,2,3,23,100.00,6.394656,1,6.394656,6.394656,6.394656
calculate_temp,64,2,3,23,100.00,0.207488,1,0.207488,0.207488,0.207488
calculate_temp,8192,2,3,23,100.00,2.07e+03,1,2.07e+03,2.07e+03,2.07e+03
calculate_temp,1024,2,4,24,100.00,25.85528,1,25.85528,25.85528,25.85528
calculate_temp,128,2,4,24,100.00,0.445502,1,0.445502,0.445502,0.445502
calculate_temp,2048,2,4,24,100.00,100.6379,1,100.6379,100.6379,100.6379
calculate_temp,256,2,4,24,100.00,2.283670,1,2.283670,2.283670,2.283670
calculate_temp,4096,2,4,24,100.00,274.1736,1,274.1736,274.1736,274.1736
calculate_temp,512,2,4,24,100.00,5.223559,1,5.223559,5.223559,5.223559
calculate_temp,64,2,4,24,100.00,0.217183,1,0.217183,0.217183,0.217183
calculate_temp,8192,2,4,24,100.00,1.96e+03,1,1.96e+03,1.96e+03,1.96e+03
calculate_temp,1024,2,5,25,100.00,27.48305,1,27.48305,27.48305,27.48305
calculate_temp,128,2,5,25,100.00,0.274270,1,0.274270,0.274270,0.274270
calculate_temp,2048,2,5,25,100.00,106.0221,1,106.0221,106.0221,106.0221
calculate_temp,256,2,5,25,100.00,1.400858,1,1.400858,1.400858,1.400858
calculate_temp,4096,2,5,25,100.00,238.7654,1,238.7654,238.7654,238.7654
calculate_temp,512,2,5,25,100.00,6.383682,1,6.383682,6.383682,6.383682
calculate_temp,64,2,5,25,100.00,0.216383,1,0.216383,0.216383,0.216383
calculate_temp,8192,2,5,25,100.00,2.01e+03,1,2.01e+03,2.01e+03,2.01e+03
calculate_temp,1024,2,6,26,100.00,26.98142,1,26.98142,26.98142,26.98142
calculate_temp,128,2,6,26,100.00,0.264287,1,0.264287,0.264287,0.264287
calculate_temp,2048,2,6,26,100.00,106.1393,1,106.1393,106.1393,106.1393
calculate_temp,256,2,6,26,100.00,1.530554,1,1.530554,1.530554,1.530554
calculate_temp,4096,2,6,26,100.00,320.1144,1,320.1144,320.1144,320.1144
calculate_temp,512,2,6,26,100.00,6.557505,1,6.557505,6.557505,6.557505
calculate_temp,64,2,6,26,100.00,0.208767,1,0.208767,0.208767,0.208767
calculate_temp,8192,2,6,26,100.00,2.04e+03,1,2.04e+03,2.04e+03,2.04e+03
calculate_temp,1024,3,0,30,87.81,2.445074,1,2.445074,2.445074,2.445074
calculate_temp,128,3,0,30,96.89,0.272959,1,0.272959,0.272959,0.272959
calculate_temp,2048,3,0,30,87.45,8.668365,1,8.668365,8.668365,8.668365
calculate_temp,256,3,0,30,97.36,0.348607,1,0.348607,0.348607,0.348607
calculate_temp,4096,3,0,30,85.16,31.30020,1,31.30020,31.30020,31.30020
calculate_temp,512,3,0,30,98.13,1.153403,1,1.153403,1.153403,1.153403
calculate_temp,64,3,0,30,73.77,9.63e-03,1,9.63e-03,9.63e-03,9.63e-03
calculate_temp,8192,3,0,30,80.42,97.13326,1,97.13326,97.13326,97.13326
calculate_temp,1024,3,1,31,100.00,3.644395,1,3.644395,3.644395,3.644395
calculate_temp,128,3,1,31,100.00,0.291359,1,0.291359,0.291359,0.291359
calculate_temp,2048,3,1,31,100.00,12.99010,1,12.99010,12.99010,12.99010
calculate_temp,256,3,1,31,100.00,0.462590,1,0.462590,0.462590,0.462590
calculate_temp,4096,3,1,31,100.00,42.30744,1,42.30744,42.30744,42.30744
calculate_temp,512,3,1,31,100.00,1.882711,1,1.882711,1.882711,1.882711
calculate_temp,64,3,1,31,100.00,0.011232,1,0.011232,0.011232,0.011232
calculate_temp,8192,3,1,31,100.00,131.1755,1,131.1755,131.1755,131.1755
calculate_temp,1024,3,2,32,100.00,3.102095,1,3.102095,3.102095,3.102095
calculate_temp,128,3,2,32,100.00,0.283231,1,0.283231,0.283231,0.283231
calculate_temp,2048,3,2,32,100.00,11.65734,1,11.65734,11.65734,11.65734
calculate_temp,256,3,2,32,100.00,0.361406,1,0.361406,0.361406,0.361406
calculate_temp,4096,3,2,32,100.00,37.58401,1,37.58401,37.58401,37.58401
calculate_temp,512,3,2,32,100.00,1.859191,1,1.859191,1.859191,1.859191
calculate_temp,64,3,2,32,100.00,0.209951,1,0.209951,0.209951,0.209951
calculate_temp,8192,3,2,32,100.00,118.2296,1,118.2296,118.2296,118.2296
calculate_temp,1024,3,3,33,100.00,3.710443,1,3.710443,3.710443,3.710443
calculate_temp,128,3,3,33,100.00,0.182111,1,0.182111,0.182111,0.182111
calculate_temp,2048,3,3,33,100.00,12.65215,1,12.65215,12.65215,12.65215
calculate_temp,256,3,3,33,100.00,0.351679,1,0.351679,0.351679,0.351679
calculate_temp,4096,3,3,33,100.00,43.20061,1,43.20061,43.20061,43.20061
calculate_temp,512,3,3,33,100.00,1.946678,1,1.946678,1.946678,1.946678
calculate_temp,64,3,3,33,100.00,0.011040,1,0.011040,0.011040,0.011040
calculate_temp,8192,3,3,33,100.00,131.3773,1,131.3773,131.3773,131.3773
calculate_temp,1024,3,4,34,100.00,3.101359,1,3.101359,3.101359,3.101359
calculate_temp,128,3,4,34,100.00,0.469438,1,0.469438,0.469438,0.469438
calculate_temp,2048,3,4,34,100.00,12.18700,1,12.18700,12.18700,12.18700
calculate_temp,256,3,4,34,100.00,0.706077,1,0.706077,0.706077,0.706077
calculate_temp,4096,3,4,34,100.00,40.69992,1,40.69992,40.69992,40.69992
calculate_temp,512,3,4,34,100.00,1.061115,1,1.061115,1.061115,1.061115
calculate_temp,64,3,4,34,100.00,0.011040,1,0.011040,0.011040,0.011040
calculate_temp,8192,3,4,34,100.00,144.6354,1,144.6354,144.6354,144.6354
calculate_temp,1024,3,5,35,100.00,7.370582,1,7.370582,7.370582,7.370582
calculate_temp,128,3,5,35,100.00,0.279423,1,0.279423,0.279423,0.279423
calculate_temp,2048,3,5,35,100.00,26.90145,1,26.90145,26.90145,26.90145
calculate_temp,256,3,5,35,100.00,0.384862,1,0.384862,0.384862,0.384862
calculate_temp,4096,3,5,35,100.00,69.51108,1,69.51108,69.51108,69.51108
calculate_temp,512,3,5,35,100.00,2.453844,1,2.453844,2.453844,2.453844
calculate_temp,64,3,5,35,100.00,0.011232,1,0.011232,0.011232,0.011232
calculate_temp,8192,3,5,35,100.00,199.5680,1,199.5680,199.5680,199.5680
calculate_temp,1024,3,6,36,100.00,3.779659,1,3.779659,3.779659,3.779659
calculate_temp,128,3,6,36,100.00,0.290271,1,0.290271,0.290271,0.290271
calculate_temp,2048,3,6,36,100.00,13.28008,1,13.28008,13.28008,13.28008
calculate_temp,256,3,6,36,100.00,0.433406,1,0.433406,0.433406,0.433406
calculate_temp,4096,3,6,36,100.00,44.44470,1,44.44470,44.44470,44.44470
calculate_temp,512,3,6,36,100.00,2.415764,1,2.415764,2.415764,2.415764
calculate_temp,64,3,6,36,100.00,0.011616,1,0.011616,0.011616,0.011616
calculate_temp,8192,3,6,36,100.00,140.8634,1,140.8634,140.8634,140.8634
calculate_temp,1024,4,0,40,85.09,1.906901,1,1.906901,1.906901,1.906901
calculate_temp,128,4,0,40,96.69,0.256063,1,0.256063,0.256063,0.256063
calculate_temp,2048,4,0,40,87.80,8.978988,1,8.978988,8.978988,8.978988
calculate_temp,256,4,0,40,98.41,0.574910,1,0.574910,0.574910,0.574910
calculate_temp,4096,4,0,40,86.44,34.64920,1,34.64920,34.64920,34.64920
calculate_temp,512,4,0,40,97.47,0.852604,1,0.852604,0.852604,0.852604
calculate_temp,64,4,0,40,68.77,7.68e-03,1,7.68e-03,7.68e-03,7.68e-03
calculate_temp,8192,4,0,40,82.80,113.4317,1,113.4317,113.4317,113.4317
calculate_temp,1024,4,1,41,100.00,3.789003,1,3.789003,3.789003,3.789003
calculate_temp,128,4,1,41,100.00,0.437630,1,0.437630,0.437630,0.437630
calculate_temp,2048,4,1,41,100.00,16.99075,1,16.99075,16.99075,16.99075
calculate_temp,256,4,1,41,100.00,0.769789,1,0.769789,0.769789,0.769789
calculate_temp,4096,4,1,41,100.00,52.61201,1,52.61201,52.61201,52.61201
calculate_temp,512,4,1,41,100.00,1.517304,1,1.517304,1.517304,1.517304
calculate_temp,64,4,1,41,100.00,9.22e-03,1,9.22e-03,9.22e-03,9.22e-03
calculate_temp,8192,4,1,41,100.00,192.8354,1,192.8354,192.8354,192.8354
calculate_temp,1024,4,2,42,100.00,3.540716,1,3.540716,3.540716,3.540716
calculate_temp,128,4,2,42,100.00,0.450462,1,0.450462,0.450462,0.450462
calculate_temp,2048,4,2,42,100.00,15.17799,1,15.17799,15.17799,15.17799
calculate_temp,256,4,2,42,100.00,0.698269,1,0.698269,0.698269,0.698269
calculate_temp,4096,4,2,42,100.00,48.79482,1,48.79482,48.79482,48.79482
calculate_temp,512,4,2,42,100.00,1.304506,1,1.304506,1.304506,1.304506
calculate_temp,64,4,2,42,100.00,0.350590,1,0.350590,0.350590,0.350590
calculate_temp,8192,4,2,42,100.00,179.6805,1,179.6805,179.6805,179.6805
calculate_temp,1024,4,3,43,100.00,3.937034,1,3.937034,3.937034,3.937034
calculate_temp,128,4,3,43,100.00,0.448862,1,0.448862,0.448862,0.448862
calculate_temp,2048,4,3,43,100.00,16.13706,1,16.13706,16.13706,16.13706
calculate_temp,256,4,3,43,100.00,0.858749,1,0.858749,0.858749,0.858749
calculate_temp,4096,4,3,43,100.00,52.01281,1,52.01281,52.01281,52.01281
calculate_temp,512,4,3,43,100.00,1.670712,1,1.670712,1.670712,1.670712
calculate_temp,64,4,3,43,100.00,0.281695,1,0.281695,0.281695,0.281695
calculate_temp,8192,4,3,43,100.00,193.3524,1,193.3524,193.3524,193.3524
calculate_temp,1024,4,4,44,100.00,3.374157,1,3.374157,3.374157,3.374157
calculate_temp,128,4,4,44,100.00,0.252671,1,0.252671,0.252671,0.252671
calculate_temp,2048,4,4,44,100.00,12.67279,1,12.67279,12.67279,12.67279
calculate_temp,256,4,4,44,100.00,0.644925,1,0.644925,0.644925,0.644925
calculate_temp,4096,4,4,44,100.00,43.98086,1,43.98086,43.98086,43.98086
calculate_temp,512,4,4,44,100.00,1.128794,1,1.128794,1.128794,1.128794
calculate_temp,64,4,4,44,100.00,8.90e-03,1,8.90e-03,8.90e-03,8.90e-03
calculate_temp,8192,4,4,44,100.00,161.4420,1,161.4420,161.4420,161.4420
calculate_temp,1024,4,5,45,100.00,7.620757,1,7.620757,7.620757,7.620757
calculate_temp,128,4,5,45,100.00,0.419198,1,0.419198,0.419198,0.419198
calculate_temp,2048,4,5,45,100.00,30.34078,1,30.34078,30.34078,30.34078
calculate_temp,256,4,5,45,100.00,0.759837,1,0.759837,0.759837,0.759837
calculate_temp,4096,4,5,45,100.00,78.41564,1,78.41564,78.41564,78.41564
calculate_temp,512,4,5,45,100.00,2.135349,1,2.135349,2.135349,2.135349
calculate_temp,64,4,5,45,100.00,9.28e-03,1,9.28e-03,9.28e-03,9.28e-03
calculate_temp,8192,4,5,45,100.00,242.3549,1,242.3549,242.3549,242.3549
calculate_temp,1024,4,6,46,100.00,4.599014,1,4.599014,4.599014,4.599014
calculate_temp,128,4,6,46,100.00,0.508286,1,0.508286,0.508286,0.508286
calculate_temp,2048,4,6,46,100.00,16.89318,1,16.89318,16.89318,16.89318
calculate_temp,256,4,6,46,100.00,0.805692,1,0.805692,0.805692,0.805692
calculate_temp,4096,4,6,46,100.00,54.46771,1,54.46771,54.46771,54.46771
calculate_temp,512,4,6,46,100.00,1.674712,1,1.674712,1.674712,1.674712
calculate_temp,64,4,6,46,100.00,0.010016,1,0.010016,0.010016,0.010016
calculate_temp,8192,4,6,46,100.00,201.0278,1,201.0278,201.0278,201.0278
calculate_temp,1024,5,0,50,96.26,8.436273,1,8.436273,8.436273,8.436273
calculate_temp,128,5,0,50,96.79,0.267455,1,0.267455,0.267455,0.267455
calculate_temp,2048,5,0,50,96.19,31.24839,1,31.24839,31.24839,31.24839
calculate_temp,256,5,0,50,97.07,0.311615,1,0.311615,0.311615,0.311615
calculate_temp,4096,5,0,50,93.53,78.66203,1,78.66203,78.66203,78.66203
calculate_temp,512,5,0,50,98.71,1.669592,1,1.669592,1.669592,1.669592
calculate_temp,64,5,0,50,74.52,0.010016,1,0.010016,0.010016,0.010016
calculate_temp,8192,5,0,50,90.10,211.3308,1,211.3308,211.3308,211.3308
calculate_temp,1024,5,1,51,100.00,9.396491,1,9.396491,9.396491,9.396491
calculate_temp,128,5,1,51,100.00,0.264063,1,0.264063,0.264063,0.264063
calculate_temp,2048,5,1,51,100.00,34.38889,1,34.38889,34.38889,34.38889
calculate_temp,256,5,1,51,100.00,0.485694,1,0.485694,0.485694,0.485694
calculate_temp,4096,5,1,51,100.00,92.66771,1,92.66771,92.66771,92.66771
calculate_temp,512,5,1,51,100.00,2.303414,1,2.303414,2.303414,2.303414
calculate_temp,64,5,1,51,100.00,0.010880,1,0.010880,0.010880,0.010880
calculate_temp,8192,5,1,51,100.00,255.2115,1,255.2115,255.2115,255.2115
calculate_temp,1024,5,2,52,100.00,8.627727,1,8.627727,8.627727,8.627727
calculate_temp,128,5,2,52,100.00,0.262687,1,0.262687,0.262687,0.262687
calculate_temp,2048,5,2,52,100.00,33.07341,1,33.07341,33.07341,33.07341
calculate_temp,256,5,2,52,100.00,0.465791,1,0.465791,0.465791,0.465791
calculate_temp,4096,5,2,52,100.00,89.81134,1,89.81134,89.81134,89.81134
calculate_temp,512,5,2,52,100.00,2.207253,1,2.207253,2.207253,2.207253
calculate_temp,64,5,2,52,100.00,0.224415,1,0.224415,0.224415,0.224415
calculate_temp,8192,5,2,52,100.00,241.3206,1,241.3206,241.3206,241.3206
calculate_temp,1024,5,3,53,100.00,9.361900,1,9.361900,9.361900,9.361900
calculate_temp,128,5,3,53,100.00,0.246943,1,0.246943,0.246943,0.246943
calculate_temp,2048,5,3,53,100.00,34.25769,1,34.25769,34.25769,34.25769
calculate_temp,256,5,3,53,100.00,0.451550,1,0.451550,0.451550,0.451550
calculate_temp,4096,5,3,53,100.00,92.25843,1,92.25843,92.25843,92.25843
calculate_temp,512,5,3,53,100.00,2.493172,1,2.493172,2.493172,2.493172
calculate_temp,64,5,3,53,100.00,0.011360,1,0.011360,0.011360,0.011360
calculate_temp,8192,5,3,53,100.00,255.9586,1,255.9586,255.9586,255.9586
calculate_temp,1024,5,4,54,100.00,8.513137,1,8.513137,8.513137,8.513137
calculate_temp,128,5,4,54,100.00,0.460062,1,0.460062,0.460062,0.460062
calculate_temp,2048,5,4,54,100.00,33.10838,1,33.10838,33.10838,33.10838
calculate_temp,256,5,4,54,100.00,0.716285,1,0.716285,0.716285,0.716285
calculate_temp,4096,5,4,54,100.00,91.22609,1,91.22609,91.22609,91.22609
calculate_temp,512,5,4,54,100.00,2.128277,1,2.128277,2.128277,2.128277
calculate_temp,64,5,4,54,100.00,0.010432,1,0.010432,0.010432,0.010432
calculate_temp,8192,5,4,54,100.00,255.6531,1,255.6531,255.6531,255.6531
calculate_temp,1024,5,5,55,100.00,12.64422,1,12.64422,12.64422,12.64422
calculate_temp,128,5,5,55,100.00,0.262943,1,0.262943,0.262943,0.262943
calculate_temp,2048,5,5,55,100.00,40.93388,1,40.93388,40.93388,40.93388
calculate_temp,256,5,5,55,100.00,0.380766,1,0.380766,0.380766,0.380766
calculate_temp,4096,5,5,55,100.00,98.01223,1,98.01223,98.01223,98.01223
calculate_temp,512,5,5,55,100.00,2.804115,1,2.804115,2.804115,2.804115
calculate_temp,64,5,5,55,100.00,0.012128,1,0.012128,0.012128,0.012128
calculate_temp,8192,5,5,55,100.00,276.2953,1,276.2953,276.2953,276.2953
calculate_temp,1024,5,6,56,100.00,9.779689,1,9.779689,9.779689,9.779689
calculate_temp,128,5,6,56,100.00,0.265023,1,0.265023,0.265023,0.265023
calculate_temp,2048,5,6,56,100.00,29.82959,1,29.82959,29.82959,29.82959
calculate_temp,256,5,6,56,100.00,0.395838,1,0.395838,0.395838,0.395838
calculate_temp,4096,5,6,56,100.00,94.56450,1,94.56450,94.56450,94.56450
calculate_temp,512,5,6,56,100.00,2.744498,1,2.744498,2.744498,2.744498
calculate_temp,64,5,6,56,100.00,0.011072,1,0.011072,0.011072,0.011072
calculate_temp,8192,5,6,56,100.00,261.8793,1,261.8793,261.8793,261.8793
calculate_temp,1024,6,0,60,91.22,3.487724,1,3.487724,3.487724,3.487724
calculate_temp,128,6,0,60,96.85,0.272831,1,0.272831,0.272831,0.272831
calculate_temp,2048,6,0,60,91.73,13.74728,1,13.74728,13.74728,13.74728
calculate_temp,256,6,0,60,98.09,0.521886,1,0.521886,0.521886,0.521886
calculate_temp,4096,6,0,60,89.15,45.14719,1,45.14719,45.14719,45.14719
calculate_temp,512,6,0,60,98.64,1.594488,1,1.594488,1.594488,1.594488
calculate_temp,64,6,0,60,74.39,9.76e-03,1,9.76e-03,9.76e-03,9.76e-03
calculate_temp,8192,6,0,60,85.26,136.1208,1,136.1208,136.1208,136.1208
calculate_temp,1024,6,1,61,100.00,4.900357,1,4.900357,4.900357,4.900357
calculate_temp,128,6,1,61,100.00,0.276735,1,0.276735,0.276735,0.276735
calculate_temp,2048,6,1,61,100.00,17.14374,1,17.14374,17.14374,17.14374
calculate_temp,256,6,1,61,100.00,0.689757,1,0.689757,0.689757,0.689757
calculate_temp,4096,6,1,61,100.00,55.02841,1,55.02841,55.02841,55.02841
calculate_temp,512,6,1,61,100.00,2.670483,1,2.670483,2.670483,2.670483
calculate_temp,64,6,1,61,100.00,0.012608,1,0.012608,0.012608,0.012608
calculate_temp,8192,6,1,61,100.00,177.6528,1,177.6528,177.6528,177.6528
calculate_temp,1024,6,2,62,100.00,4.475143,1,4.475143,4.475143,4.475143
calculate_temp,128,6,2,62,100.00,0.287487,1,0.287487,0.287487,0.287487
calculate_temp,2048,6,2,62,100.00,15.90324,1,15.90324,15.90324,15.90324
calculate_temp,256,6,2,62,100.00,0.612318,1,0.612318,0.612318,0.612318
calculate_temp,4096,6,2,62,100.00,49.98774,1,49.98774,49.98774,49.98774
calculate_temp,512,6,2,62,100.00,2.223541,1,2.223541,2.223541,2.223541
calculate_temp,64,6,2,62,100.00,0.207295,1,0.207295,0.207295,0.207295
calculate_temp,8192,6,2,62,100.00,161.4622,1,161.4622,161.4622,161.4622
calculate_temp,1024,6,3,63,100.00,4.408103,1,4.408103,4.408103,4.408103
calculate_temp,128,6,3,63,100.00,0.307199,1,0.307199,0.307199,0.307199
calculate_temp,2048,6,3,63,100.00,17.42960,1,17.42960,17.42960,17.42960
calculate_temp,256,6,3,63,100.00,0.599390,1,0.599390,0.599390,0.599390
calculate_temp,4096,6,3,63,100.00,54.84038,1,54.84038,54.84038,54.84038
calculate_temp,512,6,3,63,100.00,2.146102,1,2.146102,2.146102,2.146102
calculate_temp,64,6,3,63,100.00,0.011136,1,0.011136,0.011136,0.011136
calculate_temp,8192,6,3,63,100.00,175.8781,1,175.8781,175.8781,175.8781
calculate_temp,1024,6,4,64,100.00,4.625478,1,4.625478,4.625478,4.625478
calculate_temp,128,6,4,64,100.00,0.508126,1,0.508126,0.508126,0.508126
calculate_temp,2048,6,4,64,100.00,17.48044,1,17.48044,17.48044,17.48044
calculate_temp,256,6,4,64,100.00,0.842588,1,0.842588,0.842588,0.842588
calculate_temp,4096,6,4,64,100.00,56.93387,1,56.93387,56.93387,56.93387
calculate_temp,512,6,4,64,100.00,1.786936,1,1.786936,1.786936,1.786936
calculate_temp,64,6,4,64,100.00,9.57e-03,1,9.57e-03,9.57e-03,9.57e-03
calculate_temp,8192,6,4,64,100.00,199.8143,1,199.8143,199.8143,199.8143
calculate_temp,1024,6,5,65,100.00,8.666513,1,8.666513,8.666513,8.666513
calculate_temp,128,6,5,65,100.00,0.283871,1,0.283871,0.283871,0.283871
calculate_temp,2048,6,5,65,100.00,31.78404,1,31.78404,31.78404,31.78404
calculate_temp,256,6,5,65,100.00,0.495870,1,0.495870,0.495870,0.495870
calculate_temp,4096,6,5,65,100.00,79.31031,1,79.31031,79.31031,79.31031
calculate_temp,512,6,5,65,100.00,3.259217,1,3.259217,3.259217,3.259217
calculate_temp,64,6,5,65,100.00,0.012319,1,0.012319,0.012319,0.012319
calculate_temp,8192,6,5,65,100.00,252.4221,1,252.4221,252.4221,252.4221
calculate_temp,1024,6,6,66,100.00,4.785253,1,4.785253,4.785253,4.785253
calculate_temp,128,6,6,66,100.00,0.297695,1,0.297695,0.297695,0.297695
calculate_temp,2048,6,6,66,100.00,17.00576,1,17.00576,17.00576,17.00576
calculate_temp,256,6,6,66,100.00,0.645213,1,0.645213,0.645213,0.645213
calculate_temp,4096,6,6,66,100.00,55.92210,1,55.92210,55.92210,55.92210
calculate_temp,512,6,6,66,100.00,2.638484,1,2.638484,2.638484,2.638484
calculate_temp,64,6,6,66,100.00,0.012448,1,0.012448,0.012448,0.012448
calculate_temp,8192,6,6,66,100.00,179.9464,1,179.9464,179.9464,179.9464
